[{"rank":"1","country":"USA","total_cases":"1608511","new_cases":"+15788","total_deaths":"95,763 ","new_deaths":"+827","total_recoveries":"373638"},{"rank":"2","country":"Russia","total_cases":"317554","new_cases":"+8849","total_deaths":"3,099 ","new_deaths":"+127","total_recoveries":"92681"},{"rank":"3","country":"Brazil","total_cases":"296033","new_cases":"+2676","total_deaths":"19,148 ","new_deaths":"+254","total_recoveries":"116683"},{"rank":"4","country":"Spain","total_cases":"280117","new_cases":"+593","total_deaths":"27,940 ","new_deaths":"+52","total_recoveries":"196958"},{"rank":"5","country":"UK","total_cases":"250908","new_cases":"+2615","total_deaths":"36,042 ","new_deaths":"+338","total_recoveries":"N\/A"},{"rank":"6","country":"Italy","total_cases":"228006","new_cases":"+642","total_deaths":"32,486 ","new_deaths":"+156","total_recoveries":"134560"},{"rank":"7","country":"France","total_cases":"181826","new_cases":"+251","total_deaths":"28,215 ","new_deaths":"+83","total_recoveries":"63858"},{"rank":"8","country":"Germany","total_cases":"178876","new_cases":"+345","total_deaths":"8,279 ","new_deaths":"+9","total_recoveries":"158000"},{"rank":"9","country":"Turkey","total_cases":"153548","new_cases":"+961","total_deaths":"4,249 ","new_deaths":"+27","total_recoveries":"114990"},{"rank":"10","country":"Iran","total_cases":"129341","new_cases":"+2392","total_deaths":"7,249 ","new_deaths":"+66","total_recoveries":"100564"},{"rank":"11","country":"India","total_cases":"118226","new_cases":"+6198","total_deaths":"3,584 ","new_deaths":"+150","total_recoveries":"48553"},{"rank":"12","country":"Peru","total_cases":"104020","new_cases":"","total_deaths":"3,024 ","new_deaths":"","total_recoveries":"41968"},{"rank":"13","country":"Canada","total_cases":"81277","new_cases":"+1135","total_deaths":"6,145 ","new_deaths":"+114","total_recoveries":"41603"},{"rank":"14","country":"Saudi Arabia","total_cases":"65077","new_cases":"+2532","total_deaths":"351 ","new_deaths":"+12","total_recoveries":"36040"},{"rank":"15","country":"Chile","total_cases":"57581","new_cases":"+3964","total_deaths":"589 ","new_deaths":"+45","total_recoveries":"23992"},{"rank":"16","country":"Mexico","total_cases":"56594","new_cases":"+2248","total_deaths":"6,090 ","new_deaths":"+424","total_recoveries":"38876"},{"rank":"17","country":"Belgium","total_cases":"56235","new_cases":"+252","total_deaths":"9,186 ","new_deaths":"+36","total_recoveries":"14988"},{"rank":"18","country":"Pakistan","total_cases":"48091","new_cases":"+2193","total_deaths":"1,017 ","new_deaths":"+32","total_recoveries":"14155"},{"rank":"19","country":"Netherlands","total_cases":"44700","new_cases":"+253","total_deaths":"5,775 ","new_deaths":"+27","total_recoveries":"N\/A"},{"rank":"20","country":"Qatar","total_cases":"38651","new_cases":"+1554","total_deaths":"17 ","new_deaths":"+1","total_recoveries":"7288"},{"rank":"21","country":"Ecuador","total_cases":"35306","new_cases":"+452","total_deaths":"2,939 ","new_deaths":"+51","total_recoveries":"3557"},{"rank":"22","country":"Belarus","total_cases":"33371","new_cases":"+945","total_deaths":"185 ","new_deaths":"+6","total_recoveries":"12057"},{"rank":"23","country":"Sweden","total_cases":"32172","new_cases":"+649","total_deaths":"3,871 ","new_deaths":"+40","total_recoveries":"4971"},{"rank":"24","country":"Switzerland","total_cases":"30694","new_cases":"+36","total_deaths":"1,898 ","new_deaths":"+6","total_recoveries":"27800"},{"rank":"25","country":"Portugal","total_cases":"29912","new_cases":"+252","total_deaths":"1,277 ","new_deaths":"+14","total_recoveries":"6452"},{"rank":"26","country":"Singapore","total_cases":"29812","new_cases":"+448","total_deaths":"23 ","new_deaths":"+1","total_recoveries":"12117"},{"rank":"27","country":"Bangladesh","total_cases":"28511","new_cases":"+1773","total_deaths":"408 ","new_deaths":"+22","total_recoveries":"5602"},{"rank":"28","country":"UAE","total_cases":"26898","new_cases":"+894","total_deaths":"237 ","new_deaths":"+4","total_recoveries":"12755"},{"rank":"29","country":"Ireland","total_cases":"24391","new_cases":"+76","total_deaths":"1,583 ","new_deaths":"+12","total_recoveries":"21060"},{"rank":"30","country":"Indonesia","total_cases":"20162","new_cases":"+973","total_deaths":"1,278 ","new_deaths":"+36","total_recoveries":"4838"},{"rank":"31","country":"Poland","total_cases":"20143","new_cases":"+404","total_deaths":"972 ","new_deaths":"+10","total_recoveries":"8452"},{"rank":"32","country":"Ukraine","total_cases":"19706","new_cases":"+476","total_deaths":"579 ","new_deaths":"+15","total_recoveries":"6227"},{"rank":"33","country":"South Africa","total_cases":"19137","new_cases":"+1134","total_deaths":"369 ","new_deaths":"+30","total_recoveries":"8950"},{"rank":"34","country":"Kuwait","total_cases":"18609","new_cases":"+1041","total_deaths":"129 ","new_deaths":"+5","total_recoveries":"5205"},{"rank":"35","country":"Colombia","total_cases":"17687","new_cases":"","total_deaths":"630 ","new_deaths":"","total_recoveries":"4256"},{"rank":"36","country":"Romania","total_cases":"17585","new_cases":"+198","total_deaths":"1,156 ","new_deaths":"+9","total_recoveries":"10581"},{"rank":"37","country":"Israel","total_cases":"16683","new_cases":"+16","total_deaths":"279 ","new_deaths":"","total_recoveries":"13724"},{"rank":"38","country":"Austria","total_cases":"16404","new_cases":"+51","total_deaths":"633 ","new_deaths":"","total_recoveries":"14951"},{"rank":"39","country":"Japan","total_cases":"16385","new_cases":"","total_deaths":"771 ","new_deaths":"","total_recoveries":"12286"},{"rank":"40","country":"Egypt","total_cases":"15003","new_cases":"+774","total_deaths":"696 ","new_deaths":"+16","total_recoveries":"4217"},{"rank":"41","country":"Dominican Republic","total_cases":"13657","new_cases":"+180","total_deaths":"448 ","new_deaths":"+2","total_recoveries":"7366"},{"rank":"42","country":"Philippines","total_cases":"13434","new_cases":"+213","total_deaths":"846 ","new_deaths":"+4","total_recoveries":"3000"},{"rank":"43","country":"Denmark","total_cases":"11182","new_cases":"+65","total_deaths":"561 ","new_deaths":"+7","total_recoveries":"9643"},{"rank":"44","country":"S. Korea","total_cases":"11122","new_cases":"+12","total_deaths":"264 ","new_deaths":"+1","total_recoveries":"10135"},{"rank":"45","country":"Serbia","total_cases":"10919","new_cases":"+86","total_deaths":"237 ","new_deaths":"+2","total_recoveries":"5370"},{"rank":"46","country":"Panama","total_cases":"9977","new_cases":"","total_deaths":"287 ","new_deaths":"","total_recoveries":"6194"},{"rank":"47","country":"Argentina","total_cases":"9283","new_cases":"","total_deaths":"404 ","new_deaths":"+1","total_recoveries":"3032"},{"rank":"48","country":"Czechia","total_cases":"8743","new_cases":"+22","total_deaths":"306 ","new_deaths":"+2","total_recoveries":"5922"},{"rank":"49","country":"Afghanistan","total_cases":"8676","new_cases":"+531","total_deaths":"193 ","new_deaths":"+6","total_recoveries":"938"},{"rank":"50","country":"Norway","total_cases":"8301","new_cases":"+20","total_deaths":"235 ","new_deaths":"+1","total_recoveries":"32"},{"rank":"51","country":"Bahrain","total_cases":"8039","new_cases":"+151","total_deaths":"12 ","new_deaths":"","total_recoveries":"3715"},{"rank":"52","country":"Algeria","total_cases":"7728","new_cases":"+186","total_deaths":"575 ","new_deaths":"+7","total_recoveries":"4062"},{"rank":"53","country":"Kazakhstan","total_cases":"7234","new_cases":"+265","total_deaths":"35 ","new_deaths":"","total_recoveries":"3777"},{"rank":"54","country":"Morocco","total_cases":"7211","new_cases":"+78","total_deaths":"196 ","new_deaths":"+2","total_recoveries":"4280"},{"rank":"55","country":"Australia","total_cases":"7081","new_cases":"+2","total_deaths":"100 ","new_deaths":"","total_recoveries":"6472"},{"rank":"56","country":"Malaysia","total_cases":"7059","new_cases":"+50","total_deaths":"114 ","new_deaths":"","total_recoveries":"5796"},{"rank":"57","country":"Moldova","total_cases":"6704","new_cases":"+151","total_deaths":"233 ","new_deaths":"+5","total_recoveries":"2953"},{"rank":"58","country":"Nigeria","total_cases":"6677","new_cases":"","total_deaths":"200 ","new_deaths":"","total_recoveries":"1840"},{"rank":"59","country":"Finland","total_cases":"6493","new_cases":"+50","total_deaths":"306 ","new_deaths":"+2","total_recoveries":"4800"},{"rank":"60","country":"Oman","total_cases":"6370","new_cases":"+327","total_deaths":"30 ","new_deaths":"","total_recoveries":"1821"},{"rank":"61","country":"Ghana","total_cases":"6269","new_cases":"","total_deaths":"31 ","new_deaths":"","total_recoveries":"1898"},{"rank":"62","country":"Armenia","total_cases":"5606","new_cases":"+335","total_deaths":"70 ","new_deaths":"+3","total_recoveries":"2581"},{"rank":"63","country":"Bolivia","total_cases":"4919","new_cases":"+438","total_deaths":"199 ","new_deaths":"+10","total_recoveries":"553"},{"rank":"64","country":"Luxembourg","total_cases":"3980","new_cases":"+9","total_deaths":"109 ","new_deaths":"","total_recoveries":"3741"},{"rank":"65","country":"Iraq","total_cases":"3877","new_cases":"+153","total_deaths":"140 ","new_deaths":"+6","total_recoveries":"2483"},{"rank":"66","country":"Azerbaijan","total_cases":"3749","new_cases":"+118","total_deaths":"44 ","new_deaths":"+1","total_recoveries":"2340"},{"rank":"67","country":"Cameroon","total_cases":"3733","new_cases":"","total_deaths":"146 ","new_deaths":"","total_recoveries":"1595"},{"rank":"68","country":"Hungary","total_cases":"3641","new_cases":"+43","total_deaths":"473 ","new_deaths":"+3","total_recoveries":"1509"},{"rank":"69","country":"Sudan","total_cases":"3138","new_cases":"+410","total_deaths":"121 ","new_deaths":"+10","total_recoveries":"309"},{"rank":"70","country":"Honduras","total_cases":"3100","new_cases":"+145","total_deaths":"151 ","new_deaths":"+4","total_recoveries":"355"},{"rank":"71","country":"Thailand","total_cases":"3037","new_cases":"+3","total_deaths":"56 ","new_deaths":"","total_recoveries":"2897"},{"rank":"72","country":"Uzbekistan","total_cases":"2964","new_cases":"+25","total_deaths":"13 ","new_deaths":"","total_recoveries":"2407"},{"rank":"73","country":"Guinea","total_cases":"2863","new_cases":"","total_deaths":"18 ","new_deaths":"","total_recoveries":"1525"},{"rank":"74","country":"Greece","total_cases":"2853","new_cases":"+3","total_deaths":"168 ","new_deaths":"+2","total_recoveries":"1374"},{"rank":"75","country":"Senegal","total_cases":"2812","new_cases":"+98","total_deaths":"32 ","new_deaths":"+2","total_recoveries":"1251"},{"rank":"76","country":"Bosnia and Herzegovina","total_cases":"2350","new_cases":"+12","total_deaths":"140 ","new_deaths":"+4","total_recoveries":"1596"},{"rank":"77","country":"Tajikistan","total_cases":"2350","new_cases":"+210","total_deaths":"44 ","new_deaths":"+3","total_recoveries":"470"},{"rank":"78","country":"Bulgaria","total_cases":"2331","new_cases":"+39","total_deaths":"120 ","new_deaths":"+4","total_recoveries":"727"},{"rank":"79","country":"Guatemala","total_cases":"2265","new_cases":"+132","total_deaths":"45 ","new_deaths":"+2","total_recoveries":"159"},{"rank":"80","country":"Croatia","total_cases":"2237","new_cases":"+3","total_deaths":"97 ","new_deaths":"+1","total_recoveries":"1978"},{"rank":"81","country":"Ivory Coast","total_cases":"2231","new_cases":"","total_deaths":"29 ","new_deaths":"","total_recoveries":"1083"},{"rank":"82","country":"Djibouti","total_cases":"2047","new_cases":"+219","total_deaths":"10 ","new_deaths":"+1","total_recoveries":"1055"},{"rank":"83","country":"Cuba","total_cases":"1908","new_cases":"+8","total_deaths":"80 ","new_deaths":"+1","total_recoveries":"1603"},{"rank":"84","country":"North Macedonia","total_cases":"1898","new_cases":"+40","total_deaths":"111  ","new_deaths":"+1","total_recoveries":"1378"},{"rank":"85","country":"DRC","total_cases":"1835","new_cases":"+104","total_deaths":"61 ","new_deaths":"","total_recoveries":"303"},{"rank":"86","country":"Iceland","total_cases":"1803","new_cases":"","total_deaths":"10 ","new_deaths":"","total_recoveries":"1790"},{"rank":"87","country":"Estonia","total_cases":"1800","new_cases":"+6","total_deaths":"64 ","new_deaths":"","total_recoveries":"963"},{"rank":"88","country":"El Salvador","total_cases":"1640","new_cases":"+69","total_deaths":"32 ","new_deaths":"+1","total_recoveries":"540"},{"rank":"89","country":"Lithuania","total_cases":"1593","new_cases":"+16","total_deaths":"61 ","new_deaths":"+1","total_recoveries":"1049"},{"rank":"90","country":"Somalia","total_cases":"1573","new_cases":"","total_deaths":"61 ","new_deaths":"","total_recoveries":"188"},{"rank":"91","country":"Gabon","total_cases":"1567","new_cases":"","total_deaths":"12 ","new_deaths":"","total_recoveries":"365"},{"rank":"92","country":"New Zealand","total_cases":"1503","new_cases":"","total_deaths":"21 ","new_deaths":"","total_recoveries":"1452"},{"rank":"93","country":"Slovakia","total_cases":"1502","new_cases":"+6","total_deaths":"28 ","new_deaths":"","total_recoveries":"1245"},{"rank":"94","country":"Mayotte","total_cases":"1475","new_cases":"","total_deaths":"19 ","new_deaths":"","total_recoveries":"894"},{"rank":"95","country":"Slovenia","total_cases":"1468","new_cases":"","total_deaths":"106 ","new_deaths":"+1","total_recoveries":"1340"},{"rank":"96","country":"Kyrgyzstan","total_cases":"1313","new_cases":"+43","total_deaths":"14 ","new_deaths":"","total_recoveries":"923"},{"rank":"97","country":"Maldives","total_cases":"1216","new_cases":"+30","total_deaths":"4 ","new_deaths":"","total_recoveries":"91"},{"rank":"98","country":"Kenya","total_cases":"1109","new_cases":"+80","total_deaths":"50 ","new_deaths":"","total_recoveries":"366"},{"rank":"99","country":"Guinea-Bissau","total_cases":"1089","new_cases":"","total_deaths":"6 ","new_deaths":"","total_recoveries":"42"},{"rank":"100","country":"Hong Kong","total_cases":"1064","new_cases":"+8","total_deaths":"4 ","new_deaths":"","total_recoveries":"1029"},{"rank":"101","country":"Sri Lanka","total_cases":"1048","new_cases":"+20","total_deaths":"9 ","new_deaths":"","total_recoveries":"604"},{"rank":"102","country":"Tunisia","total_cases":"1045","new_cases":"","total_deaths":"47 ","new_deaths":"","total_recoveries":"862"},{"rank":"103","country":"Latvia","total_cases":"1025","new_cases":"+9","total_deaths":"22 ","new_deaths":"+1","total_recoveries":"694"},{"rank":"104","country":"Lebanon","total_cases":"1024","new_cases":"+63","total_deaths":"26 ","new_deaths":"","total_recoveries":"663"},{"rank":"105","country":"Albania","total_cases":"969","new_cases":"+5","total_deaths":"31 ","new_deaths":"","total_recoveries":"771"},{"rank":"106","country":"Mali","total_cases":"931","new_cases":"","total_deaths":"55 ","new_deaths":"","total_recoveries":"543"},{"rank":"107","country":"Cyprus","total_cases":"923","new_cases":"+1","total_deaths":"17 ","new_deaths":"","total_recoveries":"561"},{"rank":"108","country":"Niger","total_cases":"920","new_cases":"","total_deaths":"58 ","new_deaths":"","total_recoveries":"738"},{"rank":"109","country":"Costa Rica","total_cases":"897","new_cases":"","total_deaths":"10 ","new_deaths":"","total_recoveries":"582"},{"rank":"110","country":"Equatorial Guinea","total_cases":"890","new_cases":"","total_deaths":"7 ","new_deaths":"","total_recoveries":"22"},{"rank":"111","country":"Zambia","total_cases":"866","new_cases":"+34","total_deaths":"7 ","new_deaths":"","total_recoveries":"302"},{"rank":"112","country":"Paraguay","total_cases":"836","new_cases":"+3","total_deaths":"11 ","new_deaths":"","total_recoveries":"256"},{"rank":"113","country":"Venezuela","total_cases":"824","new_cases":"","total_deaths":"10 ","new_deaths":"","total_recoveries":"262"},{"rank":"114","country":"Burkina Faso","total_cases":"812","new_cases":"+3","total_deaths":"52 ","new_deaths":"","total_recoveries":"669"},{"rank":"115","country":"Andorra","total_cases":"762","new_cases":"","total_deaths":"51 ","new_deaths":"","total_recoveries":"639"},{"rank":"116","country":"Uruguay","total_cases":"746","new_cases":"","total_deaths":"20 ","new_deaths":"","total_recoveries":"588"},{"rank":"117","country":"Georgia","total_cases":"721","new_cases":"+8","total_deaths":"12 ","new_deaths":"","total_recoveries":"485"},{"rank":"118","country":"Diamond Princess","total_cases":"712","new_cases":"","total_deaths":"13 ","new_deaths":"","total_recoveries":"651"},{"rank":"119","country":"Jordan","total_cases":"684","new_cases":"+12","total_deaths":"9 ","new_deaths":"","total_recoveries":"457"},{"rank":"120","country":"Haiti","total_cases":"663","new_cases":"+67","total_deaths":"22 ","new_deaths":"","total_recoveries":"21"},{"rank":"121","country":"San Marino","total_cases":"658","new_cases":"+2","total_deaths":"41 ","new_deaths":"","total_recoveries":"235"},{"rank":"122","country":"Malta","total_cases":"599","new_cases":"+15","total_deaths":"6 ","new_deaths":"","total_recoveries":"468"},{"rank":"123","country":"Chad","total_cases":"588","new_cases":"+23","total_deaths":"58 ","new_deaths":"+1","total_recoveries":"186"},{"rank":"124","country":"Sierra Leone","total_cases":"570","new_cases":"","total_deaths":"34 ","new_deaths":"","total_recoveries":"205"},{"rank":"125","country":"Channel Islands","total_cases":"558","new_cases":"","total_deaths":"45 ","new_deaths":"","total_recoveries":"508"},{"rank":"126","country":"Jamaica","total_cases":"529","new_cases":"+9","total_deaths":"9 ","new_deaths":"","total_recoveries":"171"},{"rank":"127","country":"Tanzania","total_cases":"509","new_cases":"","total_deaths":"21 ","new_deaths":"","total_recoveries":"183"},{"rank":"128","country":"South Sudan","total_cases":"481","new_cases":"+191","total_deaths":"4 ","new_deaths":"","total_recoveries":"4"},{"rank":"129","country":"Congo","total_cases":"469","new_cases":"+49","total_deaths":"16 ","new_deaths":"+1","total_recoveries":"137"},{"rank":"130","country":"Nepal","total_cases":"457","new_cases":"+30","total_deaths":"3 ","new_deaths":"+1","total_recoveries":"49"},{"rank":"131","country":"R&eacute;union","total_cases":"449","new_cases":"+2","total_deaths":"1 ","new_deaths":"","total_recoveries":"411"},{"rank":"132","country":"Taiwan","total_cases":"441","new_cases":"+1","total_deaths":"7 ","new_deaths":"","total_recoveries":"407"},{"rank":"133","country":"CAR","total_cases":"436","new_cases":"+18","total_deaths":" ","new_deaths":"","total_recoveries":"18"},{"rank":"134","country":"Palestine","total_cases":"423","new_cases":"+25","total_deaths":"2 ","new_deaths":"","total_recoveries":"346"},{"rank":"135","country":"Madagascar","total_cases":"405","new_cases":"+34","total_deaths":"2 ","new_deaths":"","total_recoveries":"131"},{"rank":"136","country":"Ethiopia","total_cases":"398","new_cases":"+9","total_deaths":"5 ","new_deaths":"","total_recoveries":"123"},{"rank":"137","country":"Cabo Verde","total_cases":"356","new_cases":"+7","total_deaths":"3 ","new_deaths":"","total_recoveries":"85"},{"rank":"138","country":"Togo","total_cases":"340","new_cases":"","total_deaths":"12 ","new_deaths":"","total_recoveries":"110"},{"rank":"139","country":"Isle of Man","total_cases":"336","new_cases":"","total_deaths":"24 ","new_deaths":"","total_recoveries":"303"},{"rank":"140","country":"Mauritius","total_cases":"332","new_cases":"","total_deaths":"10 ","new_deaths":"","total_recoveries":"322"},{"rank":"141","country":"Montenegro","total_cases":"324","new_cases":"","total_deaths":"9 ","new_deaths":"","total_recoveries":"314"},{"rank":"142","country":"Vietnam","total_cases":"324","new_cases":"","total_deaths":" ","new_deaths":"","total_recoveries":"264"},{"rank":"143","country":"Rwanda","total_cases":"320","new_cases":"+6","total_deaths":" ","new_deaths":"","total_recoveries":"217"},{"rank":"144","country":"Nicaragua","total_cases":"254","new_cases":"","total_deaths":"17 ","new_deaths":"","total_recoveries":"199"},{"rank":"145","country":"Sao Tome and Principe","total_cases":"251","new_cases":"","total_deaths":"8 ","new_deaths":"","total_recoveries":"4"},{"rank":"146","country":"Liberia","total_cases":"240","new_cases":"+2","total_deaths":"23 ","new_deaths":"","total_recoveries":"131"},{"rank":"147","country":"French Guiana","total_cases":"237","new_cases":"","total_deaths":"1 ","new_deaths":"","total_recoveries":"136"},{"rank":"148","country":"Eswatini","total_cases":"220","new_cases":"+3","total_deaths":"2 ","new_deaths":"","total_recoveries":"112"},{"rank":"149","country":"Myanmar","total_cases":"199","new_cases":"","total_deaths":"6 ","new_deaths":"","total_recoveries":"108"},{"rank":"150","country":"Yemen","total_cases":"197","new_cases":"+13","total_deaths":"33 ","new_deaths":"+3","total_recoveries":"5"},{"rank":"151","country":"Martinique","total_cases":"192","new_cases":"","total_deaths":"14 ","new_deaths":"","total_recoveries":"91"},{"rank":"152","country":"Faeroe Islands","total_cases":"187","new_cases":"","total_deaths":" ","new_deaths":"","total_recoveries":"187"},{"rank":"153","country":"Mozambique","total_cases":"162","new_cases":"+6","total_deaths":" ","new_deaths":"","total_recoveries":"48"},{"rank":"154","country":"Guadeloupe","total_cases":"155","new_cases":"","total_deaths":"13 ","new_deaths":"","total_recoveries":"109"},{"rank":"155","country":"Gibraltar","total_cases":"151","new_cases":"+2","total_deaths":" ","new_deaths":"","total_recoveries":"146"},{"rank":"156","country":"Uganda","total_cases":"145","new_cases":"","total_deaths":" ","new_deaths":"","total_recoveries":"65"},{"rank":"157","country":"Mauritania","total_cases":"141","new_cases":"","total_deaths":"4 ","new_deaths":"","total_recoveries":"7"},{"rank":"158","country":"Brunei ","total_cases":"141","new_cases":"","total_deaths":"1 ","new_deaths":"","total_recoveries":"136"},{"rank":"159","country":"Mongolia","total_cases":"140","new_cases":"","total_deaths":" ","new_deaths":"","total_recoveries":"26"},{"rank":"160","country":"Benin","total_cases":"135","new_cases":"+5","total_deaths":"3 ","new_deaths":"+1","total_recoveries":"61"},{"rank":"161","country":"Guyana","total_cases":"125","new_cases":"","total_deaths":"10 ","new_deaths":"","total_recoveries":"47"},{"rank":"162","country":"Bermuda","total_cases":"125","new_cases":"","total_deaths":"9 ","new_deaths":"","total_recoveries":"80"},{"rank":"163","country":"Cambodia","total_cases":"123","new_cases":"+1","total_deaths":" ","new_deaths":"","total_recoveries":"122"},{"rank":"164","country":"Trinidad and Tobago","total_cases":"116","new_cases":"","total_deaths":"8 ","new_deaths":"","total_recoveries":"107"},{"rank":"165","country":"Cayman Islands","total_cases":"111","new_cases":"","total_deaths":"1 ","new_deaths":"","total_recoveries":"55"},{"rank":"166","country":"Aruba","total_cases":"101","new_cases":"","total_deaths":"3 ","new_deaths":"","total_recoveries":"95"},{"rank":"167","country":"Bahamas","total_cases":"97","new_cases":"","total_deaths":"11 ","new_deaths":"","total_recoveries":"43"},{"rank":"168","country":"Monaco","total_cases":"97","new_cases":"","total_deaths":"4 ","new_deaths":"","total_recoveries":"90"},{"rank":"169","country":"Barbados","total_cases":"90","new_cases":"","total_deaths":"7 ","new_deaths":"","total_recoveries":"70"},{"rank":"170","country":"Liechtenstein","total_cases":"82","new_cases":"","total_deaths":"1 ","new_deaths":"","total_recoveries":"55"},{"rank":"171","country":"Sint Maarten","total_cases":"77","new_cases":"","total_deaths":"15 ","new_deaths":"","total_recoveries":"54"},{"rank":"172","country":"Malawi","total_cases":"72","new_cases":"+1","total_deaths":"3 ","new_deaths":"","total_recoveries":"27"},{"rank":"173","country":"Libya","total_cases":"71","new_cases":"+2","total_deaths":"3 ","new_deaths":"","total_recoveries":"35"},{"rank":"174","country":"French Polynesia","total_cases":"60","new_cases":"","total_deaths":" ","new_deaths":"","total_recoveries":"60"},{"rank":"175","country":"Angola","total_cases":"58","new_cases":"+6","total_deaths":"3 ","new_deaths":"","total_recoveries":"17"},{"rank":"176","country":"Syria","total_cases":"58","new_cases":"","total_deaths":"3 ","new_deaths":"","total_recoveries":"36"},{"rank":"177","country":"Zimbabwe","total_cases":"48","new_cases":"","total_deaths":"4 ","new_deaths":"","total_recoveries":"18"},{"rank":"178","country":"Macao","total_cases":"45","new_cases":"","total_deaths":" ","new_deaths":"","total_recoveries":"45"},{"rank":"179","country":"Burundi","total_cases":"42","new_cases":"","total_deaths":"1 ","new_deaths":"","total_recoveries":"20"},{"rank":"180","country":"Saint Martin","total_cases":"40","new_cases":"","total_deaths":"3 ","new_deaths":"","total_recoveries":"33"},{"rank":"181","country":"Eritrea","total_cases":"39","new_cases":"","total_deaths":" ","new_deaths":"","total_recoveries":"39"},{"rank":"182","country":"Comoros","total_cases":"34","new_cases":"","total_deaths":"1 ","new_deaths":"","total_recoveries":"8"},{"rank":"183","country":"Botswana","total_cases":"29","new_cases":"+4","total_deaths":"1 ","new_deaths":"","total_recoveries":"19"},{"rank":"184","country":"Antigua and Barbuda","total_cases":"25","new_cases":"","total_deaths":"3 ","new_deaths":"","total_recoveries":"19"},{"rank":"185","country":"Gambia","total_cases":"24","new_cases":"","total_deaths":"1 ","new_deaths":"","total_recoveries":"13"},{"rank":"186","country":"Timor-Leste","total_cases":"24","new_cases":"","total_deaths":" ","new_deaths":"","total_recoveries":"24"},{"rank":"187","country":"Grenada","total_cases":"22","new_cases":"","total_deaths":" ","new_deaths":"","total_recoveries":"17"},{"rank":"188","country":"Bhutan","total_cases":"21","new_cases":"","total_deaths":" ","new_deaths":"","total_recoveries":"6"},{"rank":"189","country":"Laos","total_cases":"19","new_cases":"","total_deaths":" ","new_deaths":"","total_recoveries":"14"},{"rank":"190","country":"Belize","total_cases":"18","new_cases":"","total_deaths":"2 ","new_deaths":"","total_recoveries":"16"},{"rank":"191","country":"Fiji","total_cases":"18","new_cases":"","total_deaths":" ","new_deaths":"","total_recoveries":"15"},{"rank":"192","country":"Namibia","total_cases":"18","new_cases":"+2","total_deaths":" ","new_deaths":"","total_recoveries":"14"},{"rank":"193","country":"New Caledonia","total_cases":"18","new_cases":"","total_deaths":" ","new_deaths":"","total_recoveries":"18"},{"rank":"194","country":"Saint Lucia","total_cases":"18","new_cases":"","total_deaths":" ","new_deaths":"","total_recoveries":"18"},{"rank":"195","country":"St. Vincent Grenadines","total_cases":"18","new_cases":"","total_deaths":" ","new_deaths":"","total_recoveries":"14"},{"rank":"196","country":"Cura&ccedil;ao","total_cases":"16","new_cases":"","total_deaths":"1 ","new_deaths":"","total_recoveries":"14"},{"rank":"197","country":"Dominica","total_cases":"16","new_cases":"","total_deaths":" ","new_deaths":"","total_recoveries":"16"},{"rank":"198","country":"Saint Kitts and Nevis","total_cases":"15","new_cases":"","total_deaths":" ","new_deaths":"","total_recoveries":"15"},{"rank":"199","country":"Falkland Islands","total_cases":"13","new_cases":"","total_deaths":" ","new_deaths":"","total_recoveries":"13"},{"rank":"200","country":"Turks and Caicos","total_cases":"12","new_cases":"","total_deaths":"1 ","new_deaths":"","total_recoveries":"10"},{"rank":"201","country":"Vatican City","total_cases":"12","new_cases":"","total_deaths":" ","new_deaths":"","total_recoveries":"2"},{"rank":"202","country":"Montserrat","total_cases":"11","new_cases":"","total_deaths":"1 ","new_deaths":"","total_recoveries":"10"},{"rank":"203","country":"Suriname","total_cases":"11","new_cases":"","total_deaths":"1 ","new_deaths":"","total_recoveries":"9"},{"rank":"204","country":"Greenland","total_cases":"11","new_cases":"","total_deaths":"  ","new_deaths":"","total_recoveries":"11"},{"rank":"205","country":"Seychelles","total_cases":"11","new_cases":"","total_deaths":" ","new_deaths":"","total_recoveries":"11"},{"rank":"206","country":"MS Zaandam","total_cases":"9","new_cases":"","total_deaths":"2 ","new_deaths":"","total_recoveries":""},{"rank":"207","country":"British Virgin Islands","total_cases":"8","new_cases":"","total_deaths":"1 ","new_deaths":"","total_recoveries":"6"},{"rank":"208","country":"Papua New Guinea","total_cases":"8","new_cases":"","total_deaths":" ","new_deaths":"","total_recoveries":"8"},{"rank":"209","country":"Caribbean Netherlands","total_cases":"6","new_cases":"","total_deaths":" ","new_deaths":"","total_recoveries":"6"},{"rank":"210","country":"St. Barth","total_cases":"6","new_cases":"","total_deaths":" ","new_deaths":"","total_recoveries":"6"},{"rank":"211","country":"Western Sahara","total_cases":"6","new_cases":"","total_deaths":" ","new_deaths":"","total_recoveries":"6"},{"rank":"212","country":"Anguilla","total_cases":"3","new_cases":"","total_deaths":" ","new_deaths":"","total_recoveries":"3"},{"rank":"213","country":"Lesotho","total_cases":"1","new_cases":"","total_deaths":" ","new_deaths":"","total_recoveries":""},{"rank":"214","country":"Saint Pierre Miquelon","total_cases":"1","new_cases":"","total_deaths":" ","new_deaths":"","total_recoveries":"1"},{"rank":"215","country":"China","total_cases":"82967","new_cases":"+2","total_deaths":"4,634 ","new_deaths":"","total_recoveries":"78249"},{"rank":"1","country":"China","total_cases":"82965","new_cases":"+5","total_deaths":"4,634 ","new_deaths":"","total_recoveries":"78244"},{"rank":"2","country":"USA","total_cases":"1592723","new_cases":"+22140","total_deaths":"94,936 ","new_deaths":"+1403","total_recoveries":"370076"},{"rank":"3","country":"Russia","total_cases":"308705","new_cases":"+8764","total_deaths":"2,972 ","new_deaths":"+135","total_recoveries":"85392"},{"rank":"4","country":"Brazil","total_cases":"293357","new_cases":"+21472","total_deaths":"18,894 ","new_deaths":"+911","total_recoveries":"116683"},{"rank":"5","country":"Spain","total_cases":"279524","new_cases":"+721","total_deaths":"27,888 ","new_deaths":"+110","total_recoveries":"196958"},{"rank":"6","country":"UK","total_cases":"248293","new_cases":"","total_deaths":"35,704 ","new_deaths":"+363","total_recoveries":"N\/A"},{"rank":"7","country":"Italy","total_cases":"227364","new_cases":"+665","total_deaths":"32,330 ","new_deaths":"+161","total_recoveries":"132282"},{"rank":"8","country":"France","total_cases":"181575","new_cases":"+766","total_deaths":"28,132 ","new_deaths":"+110","total_recoveries":"63354"},{"rank":"9","country":"Germany","total_cases":"178531","new_cases":"+704","total_deaths":"8,270 ","new_deaths":"+77","total_recoveries":"156900"},{"rank":"10","country":"Turkey","total_cases":"152587","new_cases":"+972","total_deaths":"4,222 ","new_deaths":"+23","total_recoveries":"113987"},{"rank":"11","country":"Iran","total_cases":"126949","new_cases":"+2346","total_deaths":"7,183 ","new_deaths":"+64","total_recoveries":"98808"},{"rank":"12","country":"India","total_cases":"112028","new_cases":"+5553","total_deaths":"3,434 ","new_deaths":"+132","total_recoveries":"45422"},{"rank":"13","country":"Peru","total_cases":"104020","new_cases":"+4537","total_deaths":"3,024 ","new_deaths":"+110","total_recoveries":"41968"},{"rank":"14","country":"Canada","total_cases":"80142","new_cases":"+1030","total_deaths":"6,031 ","new_deaths":"+119","total_recoveries":"40776"},{"rank":"15","country":"Saudi Arabia","total_cases":"62545","new_cases":"+2691","total_deaths":"339 ","new_deaths":"+10","total_recoveries":"33478"},{"rank":"16","country":"Belgium","total_cases":"55983","new_cases":"+192","total_deaths":"9,150 ","new_deaths":"+42","total_recoveries":"14847"},{"rank":"17","country":"Mexico","total_cases":"54346","new_cases":"+2713","total_deaths":"5,666 ","new_deaths":"+334","total_recoveries":"37325"},{"rank":"18","country":"Chile","total_cases":"53617","new_cases":"+4038","total_deaths":"544 ","new_deaths":"+35","total_recoveries":"22504"},{"rank":"19","country":"Pakistan","total_cases":"45898","new_cases":"+1932","total_deaths":"985 ","new_deaths":"+46","total_recoveries":"13101"},{"rank":"20","country":"Netherlands","total_cases":"44447","new_cases":"+198","total_deaths":"5,748 ","new_deaths":"+33","total_recoveries":"N\/A"},{"rank":"21","country":"Qatar","total_cases":"37097","new_cases":"+1491","total_deaths":"16 ","new_deaths":"+1","total_recoveries":"6600"},{"rank":"22","country":"Ecuador","total_cases":"34854","new_cases":"+703","total_deaths":"2,888 ","new_deaths":"+49","total_recoveries":"3557"},{"rank":"23","country":"Belarus","total_cases":"32426","new_cases":"+918","total_deaths":"179 ","new_deaths":"+4","total_recoveries":"11415"},{"rank":"24","country":"Sweden","total_cases":"31523","new_cases":"+724","total_deaths":"3,831 ","new_deaths":"+88","total_recoveries":"4971"},{"rank":"25","country":"Switzerland","total_cases":"30658","new_cases":"+40","total_deaths":"1,892 ","new_deaths":"+1","total_recoveries":"27800"},{"rank":"26","country":"Portugal","total_cases":"29660","new_cases":"+228","total_deaths":"1,263 ","new_deaths":"+16","total_recoveries":"6452"},{"rank":"27","country":"Singapore","total_cases":"29364","new_cases":"+570","total_deaths":"22 ","new_deaths":"","total_recoveries":"11207"},{"rank":"28","country":"Bangladesh","total_cases":"26738","new_cases":"+1617","total_deaths":"386 ","new_deaths":"+16","total_recoveries":"5207"},{"rank":"29","country":"UAE","total_cases":"26004","new_cases":"+941","total_deaths":"233 ","new_deaths":"+6","total_recoveries":"11809"},{"rank":"30","country":"Ireland","total_cases":"24315","new_cases":"+64","total_deaths":"1,571 ","new_deaths":"+10","total_recoveries":"21060"},{"rank":"31","country":"Poland","total_cases":"19739","new_cases":"+471","total_deaths":"962 ","new_deaths":"+14","total_recoveries":"8183"},{"rank":"32","country":"Ukraine","total_cases":"19230","new_cases":"+354","total_deaths":"564 ","new_deaths":"+16","total_recoveries":"5955"},{"rank":"33","country":"Indonesia","total_cases":"19189","new_cases":"+693","total_deaths":"1,242 ","new_deaths":"+21","total_recoveries":"4575"},{"rank":"34","country":"South Africa","total_cases":"18003","new_cases":"+803","total_deaths":"339 ","new_deaths":"+27","total_recoveries":"8950"},{"rank":"35","country":"Colombia","total_cases":"17687","new_cases":"+752","total_deaths":"630 ","new_deaths":"+17","total_recoveries":"4256"},{"rank":"36","country":"Kuwait","total_cases":"17568","new_cases":"+804","total_deaths":"124 ","new_deaths":"+3","total_recoveries":"4885"},{"rank":"37","country":"Romania","total_cases":"17387","new_cases":"+196","total_deaths":"1,147 ","new_deaths":"+10","total_recoveries":"10356"},{"rank":"38","country":"Israel","total_cases":"16667","new_cases":"+8","total_deaths":"279 ","new_deaths":"+1","total_recoveries":"13504"},{"rank":"39","country":"Japan","total_cases":"16385","new_cases":"+18","total_deaths":"771 ","new_deaths":"+3","total_recoveries":"12286"},{"rank":"40","country":"Austria","total_cases":"16353","new_cases":"+32","total_deaths":"633 ","new_deaths":"+1","total_recoveries":"14882"},{"rank":"41","country":"Egypt","total_cases":"14229","new_cases":"+745","total_deaths":"680 ","new_deaths":"+21","total_recoveries":"3994"},{"rank":"42","country":"Dominican Republic","total_cases":"13477","new_cases":"+254","total_deaths":"446 ","new_deaths":"+5","total_recoveries":"7142"},{"rank":"43","country":"Philippines","total_cases":"13221","new_cases":"+279","total_deaths":"842 ","new_deaths":"+5","total_recoveries":"2932"},{"rank":"44","country":"Denmark","total_cases":"11117","new_cases":"+73","total_deaths":"554 ","new_deaths":"+3","total_recoveries":"9536"},{"rank":"45","country":"S. Korea","total_cases":"11110","new_cases":"+32","total_deaths":"263 ","new_deaths":"","total_recoveries":"10066"},{"rank":"46","country":"Serbia","total_cases":"10833","new_cases":"+100","total_deaths":"235 ","new_deaths":"+1","total_recoveries":"5067"},{"rank":"47","country":"Panama","total_cases":"9977","new_cases":"+110","total_deaths":"287 ","new_deaths":"+6","total_recoveries":"6194"},{"rank":"48","country":"Argentina","total_cases":"9283","new_cases":"+474","total_deaths":"403 ","new_deaths":"+10","total_recoveries":"2933"},{"rank":"49","country":"Czechia","total_cases":"8721","new_cases":"+74","total_deaths":"304 ","new_deaths":"+2","total_recoveries":"5830"},{"rank":"50","country":"Norway","total_cases":"8281","new_cases":"+14","total_deaths":"234 ","new_deaths":"+1","total_recoveries":"32"},{"rank":"51","country":"Afghanistan","total_cases":"8145","new_cases":"+492","total_deaths":"187 ","new_deaths":"+9","total_recoveries":"930"},{"rank":"52","country":"Bahrain","total_cases":"7888","new_cases":"+356","total_deaths":"12 ","new_deaths":"","total_recoveries":"3568"},{"rank":"53","country":"Algeria","total_cases":"7542","new_cases":"+165","total_deaths":"568 ","new_deaths":"+7","total_recoveries":"3968"},{"rank":"54","country":"Morocco","total_cases":"7133","new_cases":"+110","total_deaths":"194 ","new_deaths":"+1","total_recoveries":"4098"},{"rank":"55","country":"Australia","total_cases":"7079","new_cases":"+11","total_deaths":"100 ","new_deaths":"","total_recoveries":"6444"},{"rank":"56","country":"Malaysia","total_cases":"7009","new_cases":"+31","total_deaths":"114 ","new_deaths":"","total_recoveries":"5706"},{"rank":"57","country":"Kazakhstan","total_cases":"6969","new_cases":"+218","total_deaths":"35 ","new_deaths":"","total_recoveries":"3734"},{"rank":"58","country":"Nigeria","total_cases":"6677","new_cases":"+276","total_deaths":"200 ","new_deaths":"+8","total_recoveries":"1840"},{"rank":"59","country":"Moldova","total_cases":"6553","new_cases":"+213","total_deaths":"228 ","new_deaths":"+7","total_recoveries":"2953"},{"rank":"60","country":"Finland","total_cases":"6443","new_cases":"+44","total_deaths":"304 ","new_deaths":"+3","total_recoveries":"4800"},{"rank":"61","country":"Ghana","total_cases":"6269","new_cases":"+173","total_deaths":"31 ","new_deaths":"","total_recoveries":"1898"},{"rank":"62","country":"Oman","total_cases":"6043","new_cases":"+372","total_deaths":"30 ","new_deaths":"+3","total_recoveries":"1661"},{"rank":"63","country":"Armenia","total_cases":"5271","new_cases":"+230","total_deaths":"67 ","new_deaths":"+3","total_recoveries":"2419"},{"rank":"64","country":"Bolivia","total_cases":"4481","new_cases":"+218","total_deaths":"189 ","new_deaths":"+15","total_recoveries":"533"},{"rank":"65","country":"Luxembourg","total_cases":"3971","new_cases":"+13","total_deaths":"109 ","new_deaths":"","total_recoveries":"3728"},{"rank":"66","country":"Cameroon","total_cases":"3733","new_cases":"+204","total_deaths":"146 ","new_deaths":"+6","total_recoveries":"1595"},{"rank":"67","country":"Iraq","total_cases":"3724","new_cases":"+113","total_deaths":"134 ","new_deaths":"+3","total_recoveries":"2438"},{"rank":"68","country":"Azerbaijan","total_cases":"3631","new_cases":"+113","total_deaths":"43 ","new_deaths":"+2","total_recoveries":"2253"},{"rank":"69","country":"Hungary","total_cases":"3598","new_cases":"+42","total_deaths":"470 ","new_deaths":"+3","total_recoveries":"1454"},{"rank":"70","country":"Thailand","total_cases":"3034","new_cases":"+1","total_deaths":"56 ","new_deaths":"","total_recoveries":"2888"},{"rank":"71","country":"Honduras","total_cases":"2955","new_cases":"+157","total_deaths":"147 ","new_deaths":"+1","total_recoveries":"349"},{"rank":"72","country":"Uzbekistan","total_cases":"2939","new_cases":"+84","total_deaths":"13 ","new_deaths":"","total_recoveries":"2372"},{"rank":"73","country":"Guinea","total_cases":"2863","new_cases":"","total_deaths":"18 ","new_deaths":"","total_recoveries":"1525"},{"rank":"74","country":"Greece","total_cases":"2850","new_cases":"+10","total_deaths":"166 ","new_deaths":"+1","total_recoveries":"1374"},{"rank":"75","country":"Sudan","total_cases":"2728","new_cases":"","total_deaths":"111 ","new_deaths":"","total_recoveries":"286"},{"rank":"76","country":"Senegal","total_cases":"2714","new_cases":"+97","total_deaths":"30 ","new_deaths":"","total_recoveries":"1186"},{"rank":"77","country":"Bosnia and Herzegovina","total_cases":"2338","new_cases":"+17","total_deaths":"136 ","new_deaths":"+2","total_recoveries":"1557"},{"rank":"78","country":"Bulgaria","total_cases":"2292","new_cases":"+33","total_deaths":"116 ","new_deaths":"+4","total_recoveries":"684"},{"rank":"79","country":"Croatia","total_cases":"2234","new_cases":"+2","total_deaths":"96 ","new_deaths":"","total_recoveries":"1978"},{"rank":"80","country":"Ivory Coast","total_cases":"2231","new_cases":"+78","total_deaths":"29 ","new_deaths":"+1","total_recoveries":"1083"},{"rank":"81","country":"Tajikistan","total_cases":"2140","new_cases":"+204","total_deaths":"41 ","new_deaths":"","total_recoveries":"641"},{"rank":"82","country":"Guatemala","total_cases":"2133","new_cases":"+132","total_deaths":"43 ","new_deaths":"+5","total_recoveries":"155"},{"rank":"83","country":"Cuba","total_cases":"1900","new_cases":"+13","total_deaths":"79 ","new_deaths":"","total_recoveries":"1573"},{"rank":"84","country":"North Macedonia","total_cases":"1858","new_cases":"+19","total_deaths":"110 ","new_deaths":"+4","total_recoveries":"1367"},{"rank":"85","country":"Djibouti","total_cases":"1828","new_cases":"+210","total_deaths":"9 ","new_deaths":"+2","total_recoveries":"1052"},{"rank":"86","country":"Iceland","total_cases":"1803","new_cases":"+1","total_deaths":"10 ","new_deaths":"","total_recoveries":"1789"},{"rank":"87","country":"Estonia","total_cases":"1794","new_cases":"+3","total_deaths":"64 ","new_deaths":"","total_recoveries":"956"},{"rank":"88","country":"DRC","total_cases":"1731","new_cases":"+102","total_deaths":"61 ","new_deaths":"","total_recoveries":"302"},{"rank":"89","country":"Lithuania","total_cases":"1577","new_cases":"+15","total_deaths":"60 ","new_deaths":"","total_recoveries":"1049"},{"rank":"90","country":"Somalia","total_cases":"1573","new_cases":"+71","total_deaths":"61 ","new_deaths":"+2","total_recoveries":"188"},{"rank":"91","country":"El Salvador","total_cases":"1571","new_cases":"+73","total_deaths":"31 ","new_deaths":"+1","total_recoveries":"537"},{"rank":"92","country":"Gabon","total_cases":"1567","new_cases":"+65","total_deaths":"12 ","new_deaths":"","total_recoveries":"365"},{"rank":"93","country":"New Zealand","total_cases":"1503","new_cases":"","total_deaths":"21 ","new_deaths":"","total_recoveries":"1447"},{"rank":"94","country":"Slovakia","total_cases":"1496","new_cases":"+1","total_deaths":"28 ","new_deaths":"","total_recoveries":"1231"},{"rank":"95","country":"Mayotte","total_cases":"1475","new_cases":"+105","total_deaths":"19 ","new_deaths":"+1","total_recoveries":"894"},{"rank":"96","country":"Slovenia","total_cases":"1468","new_cases":"+1","total_deaths":"105 ","new_deaths":"+1","total_recoveries":"1340"},{"rank":"97","country":"Kyrgyzstan","total_cases":"1270","new_cases":"+27","total_deaths":"14 ","new_deaths":"","total_recoveries":"910"},{"rank":"98","country":"Maldives","total_cases":"1186","new_cases":"+43","total_deaths":"4 ","new_deaths":"","total_recoveries":"91"},{"rank":"99","country":"Guinea-Bissau","total_cases":"1089","new_cases":"+51","total_deaths":"6 ","new_deaths":"","total_recoveries":"42"},{"rank":"100","country":"Hong Kong","total_cases":"1056","new_cases":"","total_deaths":"4 ","new_deaths":"","total_recoveries":"1026"},{"rank":"101","country":"Tunisia","total_cases":"1045","new_cases":"+2","total_deaths":"47 ","new_deaths":"+1","total_recoveries":"862"},{"rank":"102","country":"Kenya","total_cases":"1029","new_cases":"+66","total_deaths":"50 ","new_deaths":"","total_recoveries":"366"},{"rank":"103","country":"Sri Lanka","total_cases":"1028","new_cases":"+5","total_deaths":"9 ","new_deaths":"","total_recoveries":"584"},{"rank":"104","country":"Latvia","total_cases":"1016","new_cases":"+4","total_deaths":"21 ","new_deaths":"","total_recoveries":"694"},{"rank":"105","country":"Albania","total_cases":"964","new_cases":"+15","total_deaths":"31 ","new_deaths":"","total_recoveries":"758"},{"rank":"106","country":"Lebanon","total_cases":"961","new_cases":"+7","total_deaths":"26 ","new_deaths":"","total_recoveries":"251"},{"rank":"107","country":"Mali","total_cases":"931","new_cases":"+30","total_deaths":"55 ","new_deaths":"+2","total_recoveries":"543"},{"rank":"108","country":"Cyprus","total_cases":"922","new_cases":"+4","total_deaths":"17 ","new_deaths":"","total_recoveries":"516"},{"rank":"109","country":"Niger","total_cases":"920","new_cases":"+6","total_deaths":"58 ","new_deaths":"+3","total_recoveries":"738"},{"rank":"110","country":"Costa Rica","total_cases":"897","new_cases":"+15","total_deaths":"10 ","new_deaths":"","total_recoveries":"582"},{"rank":"111","country":"Equatorial Guinea","total_cases":"890","new_cases":"+65","total_deaths":"7 ","new_deaths":"","total_recoveries":"22"},{"rank":"112","country":"Paraguay","total_cases":"833","new_cases":"+4","total_deaths":"11 ","new_deaths":"","total_recoveries":"242"},{"rank":"113","country":"Zambia","total_cases":"832","new_cases":"+60","total_deaths":"7 ","new_deaths":"","total_recoveries":"197"},{"rank":"114","country":"Venezuela","total_cases":"824","new_cases":"+206","total_deaths":"10 ","new_deaths":"","total_recoveries":"262"},{"rank":"115","country":"Burkina Faso","total_cases":"809","new_cases":"+13","total_deaths":"52 ","new_deaths":"+1","total_recoveries":"661"},{"rank":"116","country":"Andorra","total_cases":"762","new_cases":"+1","total_deaths":"51 ","new_deaths":"","total_recoveries":"639"},{"rank":"117","country":"Uruguay","total_cases":"746","new_cases":"+8","total_deaths":"20 ","new_deaths":"","total_recoveries":"588"},{"rank":"118","country":"Georgia","total_cases":"713","new_cases":"+6","total_deaths":"12 ","new_deaths":"","total_recoveries":"475"},{"rank":"119","country":"Diamond Princess","total_cases":"712","new_cases":"","total_deaths":"13 ","new_deaths":"","total_recoveries":"651"},{"rank":"120","country":"Jordan","total_cases":"672","new_cases":"+23","total_deaths":"9 ","new_deaths":"","total_recoveries":"446"},{"rank":"121","country":"San Marino","total_cases":"656","new_cases":"+1","total_deaths":"41 ","new_deaths":"","total_recoveries":"220"},{"rank":"122","country":"Haiti","total_cases":"596","new_cases":"+63","total_deaths":"22 ","new_deaths":"+1","total_recoveries":"21"},{"rank":"123","country":"Malta","total_cases":"584","new_cases":"+15","total_deaths":"6 ","new_deaths":"","total_recoveries":"465"},{"rank":"124","country":"Sierra Leone","total_cases":"570","new_cases":"+36","total_deaths":"34 ","new_deaths":"+1","total_recoveries":"205"},{"rank":"125","country":"Chad","total_cases":"565","new_cases":"+20","total_deaths":"57 ","new_deaths":"+1","total_recoveries":"177"},{"rank":"126","country":"Channel Islands","total_cases":"558","new_cases":"+3","total_deaths":"45 ","new_deaths":"+1","total_recoveries":"492"},{"rank":"127","country":"Jamaica","total_cases":"520","new_cases":"","total_deaths":"9 ","new_deaths":"","total_recoveries":"145"},{"rank":"128","country":"Tanzania","total_cases":"509","new_cases":"","total_deaths":"21 ","new_deaths":"","total_recoveries":"183"},{"rank":"129","country":"R&eacute;union","total_cases":"447","new_cases":"+1","total_deaths":"1 ","new_deaths":"+1","total_recoveries":"411"},{"rank":"130","country":"Taiwan","total_cases":"440","new_cases":"","total_deaths":"7 ","new_deaths":"","total_recoveries":"402"},{"rank":"131","country":"Nepal","total_cases":"427","new_cases":"+25","total_deaths":"2 ","new_deaths":"","total_recoveries":"45"},{"rank":"132","country":"Congo","total_cases":"420","new_cases":"","total_deaths":"15 ","new_deaths":"","total_recoveries":"132"},{"rank":"133","country":"CAR","total_cases":"418","new_cases":"+52","total_deaths":" ","new_deaths":"","total_recoveries":"18"},{"rank":"134","country":"Palestine","total_cases":"398","new_cases":"+7","total_deaths":"2 ","new_deaths":"","total_recoveries":"346"},{"rank":"135","country":"Ethiopia","total_cases":"389","new_cases":"+24","total_deaths":"5 ","new_deaths":"","total_recoveries":"122"},{"rank":"136","country":"Madagascar","total_cases":"371","new_cases":"+45","total_deaths":"2 ","new_deaths":"","total_recoveries":"131"},{"rank":"137","country":"Cabo Verde","total_cases":"349","new_cases":"+14","total_deaths":"3 ","new_deaths":"","total_recoveries":"85"},{"rank":"138","country":"Togo","total_cases":"340","new_cases":"+2","total_deaths":"12 ","new_deaths":"","total_recoveries":"110"},{"rank":"139","country":"Isle of Man","total_cases":"336","new_cases":"+1","total_deaths":"24 ","new_deaths":"","total_recoveries":"302"},{"rank":"140","country":"Mauritius","total_cases":"332","new_cases":"","total_deaths":"10 ","new_deaths":"","total_recoveries":"322"},{"rank":"141","country":"Montenegro","total_cases":"324","new_cases":"","total_deaths":"9 ","new_deaths":"","total_recoveries":"312"},{"rank":"142","country":"Vietnam","total_cases":"324","new_cases":"","total_deaths":" ","new_deaths":"","total_recoveries":"263"},{"rank":"143","country":"Rwanda","total_cases":"314","new_cases":"+6","total_deaths":" ","new_deaths":"","total_recoveries":"216"},{"rank":"144","country":"South Sudan","total_cases":"290","new_cases":"","total_deaths":"4 ","new_deaths":"","total_recoveries":"4"},{"rank":"145","country":"Uganda","total_cases":"264","new_cases":"+4","total_deaths":" ","new_deaths":"","total_recoveries":"65"},{"rank":"146","country":"Nicaragua","total_cases":"254","new_cases":"","total_deaths":"17 ","new_deaths":"","total_recoveries":"199"},{"rank":"147","country":"Sao Tome and Principe","total_cases":"251","new_cases":"","total_deaths":"8 ","new_deaths":"","total_recoveries":"4"},{"rank":"148","country":"Liberia","total_cases":"238","new_cases":"+5","total_deaths":"23 ","new_deaths":"","total_recoveries":"128"},{"rank":"149","country":"French Guiana","total_cases":"237","new_cases":"+19","total_deaths":"1 ","new_deaths":"","total_recoveries":"136"},{"rank":"150","country":"Eswatini","total_cases":"217","new_cases":"+9","total_deaths":"2 ","new_deaths":"","total_recoveries":"97"},{"rank":"151","country":"Myanmar","total_cases":"199","new_cases":"+6","total_deaths":"6 ","new_deaths":"","total_recoveries":"108"},{"rank":"152","country":"Martinique","total_cases":"192","new_cases":"","total_deaths":"14 ","new_deaths":"","total_recoveries":"91"},{"rank":"153","country":"Faeroe Islands","total_cases":"187","new_cases":"","total_deaths":" ","new_deaths":"","total_recoveries":"187"},{"rank":"154","country":"Yemen","total_cases":"184","new_cases":"+17","total_deaths":"30 ","new_deaths":"+2","total_recoveries":"5"},{"rank":"155","country":"Mozambique","total_cases":"156","new_cases":"+10","total_deaths":" ","new_deaths":"","total_recoveries":"48"},{"rank":"156","country":"Guadeloupe","total_cases":"155","new_cases":"","total_deaths":"13 ","new_deaths":"","total_recoveries":"109"},{"rank":"157","country":"Gibraltar","total_cases":"149","new_cases":"+2","total_deaths":" ","new_deaths":"","total_recoveries":"145"},{"rank":"158","country":"Mauritania","total_cases":"141","new_cases":"+10","total_deaths":"4 ","new_deaths":"","total_recoveries":"7"},{"rank":"159","country":"Brunei ","total_cases":"141","new_cases":"","total_deaths":"1 ","new_deaths":"","total_recoveries":"136"},{"rank":"160","country":"Mongolia","total_cases":"140","new_cases":"","total_deaths":" ","new_deaths":"","total_recoveries":"26"},{"rank":"161","country":"Benin","total_cases":"130","new_cases":"","total_deaths":"2 ","new_deaths":"","total_recoveries":"83"},{"rank":"162","country":"Guyana","total_cases":"125","new_cases":"","total_deaths":"10 ","new_deaths":"","total_recoveries":"47"},{"rank":"163","country":"Bermuda","total_cases":"125","new_cases":"","total_deaths":"9 ","new_deaths":"","total_recoveries":"80"},{"rank":"164","country":"Cambodia","total_cases":"122","new_cases":"","total_deaths":" ","new_deaths":"","total_recoveries":"122"},{"rank":"165","country":"Trinidad and Tobago","total_cases":"116","new_cases":"","total_deaths":"8 ","new_deaths":"","total_recoveries":"107"},{"rank":"166","country":"Cayman Islands","total_cases":"111","new_cases":"","total_deaths":"1 ","new_deaths":"","total_recoveries":"55"},{"rank":"167","country":"Aruba","total_cases":"101","new_cases":"","total_deaths":"3 ","new_deaths":"","total_recoveries":"95"},{"rank":"168","country":"Bahamas","total_cases":"97","new_cases":"+1","total_deaths":"11 ","new_deaths":"","total_recoveries":"43"},{"rank":"169","country":"Monaco","total_cases":"97","new_cases":"","total_deaths":"4 ","new_deaths":"","total_recoveries":"90"},{"rank":"170","country":"Barbados","total_cases":"90","new_cases":"+2","total_deaths":"7 ","new_deaths":"","total_recoveries":"70"},{"rank":"171","country":"Liechtenstein","total_cases":"82","new_cases":"","total_deaths":"1 ","new_deaths":"","total_recoveries":"55"},{"rank":"172","country":"Sint Maarten","total_cases":"77","new_cases":"","total_deaths":"15 ","new_deaths":"","total_recoveries":"54"},{"rank":"173","country":"Malawi","total_cases":"71","new_cases":"+1","total_deaths":"3 ","new_deaths":"","total_recoveries":"27"},{"rank":"174","country":"Libya","total_cases":"69","new_cases":"+1","total_deaths":"3 ","new_deaths":"","total_recoveries":"35"},{"rank":"175","country":"French Polynesia","total_cases":"60","new_cases":"","total_deaths":" ","new_deaths":"","total_recoveries":"60"},{"rank":"176","country":"Syria","total_cases":"58","new_cases":"","total_deaths":"3 ","new_deaths":"","total_recoveries":"36"},{"rank":"177","country":"Angola","total_cases":"52","new_cases":"","total_deaths":"3 ","new_deaths":"","total_recoveries":"17"},{"rank":"178","country":"Zimbabwe","total_cases":"48","new_cases":"+2","total_deaths":"4 ","new_deaths":"","total_recoveries":"18"},{"rank":"179","country":"Macao","total_cases":"45","new_cases":"","total_deaths":" ","new_deaths":"","total_recoveries":"45"},{"rank":"180","country":"Burundi","total_cases":"42","new_cases":"","total_deaths":"1 ","new_deaths":"","total_recoveries":"20"},{"rank":"181","country":"Saint Martin","total_cases":"40","new_cases":"+1","total_deaths":"3 ","new_deaths":"","total_recoveries":"33"},{"rank":"182","country":"Eritrea","total_cases":"39","new_cases":"","total_deaths":" ","new_deaths":"","total_recoveries":"39"},{"rank":"183","country":"Comoros","total_cases":"34","new_cases":"+23","total_deaths":"1 ","new_deaths":"","total_recoveries":"8"},{"rank":"184","country":"Antigua and Barbuda","total_cases":"25","new_cases":"","total_deaths":"3 ","new_deaths":"","total_recoveries":"19"},{"rank":"185","country":"Botswana","total_cases":"25","new_cases":"","total_deaths":"1 ","new_deaths":"","total_recoveries":"17"},{"rank":"186","country":"Gambia","total_cases":"24","new_cases":"","total_deaths":"1 ","new_deaths":"","total_recoveries":"13"},{"rank":"187","country":"Timor-Leste","total_cases":"24","new_cases":"","total_deaths":" ","new_deaths":"","total_recoveries":"24"},{"rank":"188","country":"Grenada","total_cases":"22","new_cases":"","total_deaths":" ","new_deaths":"","total_recoveries":"17"},{"rank":"189","country":"Bhutan","total_cases":"21","new_cases":"","total_deaths":" ","new_deaths":"","total_recoveries":"5"},{"rank":"190","country":"Laos","total_cases":"19","new_cases":"","total_deaths":" ","new_deaths":"","total_recoveries":"14"},{"rank":"191","country":"Belize","total_cases":"18","new_cases":"","total_deaths":"2 ","new_deaths":"","total_recoveries":"16"},{"rank":"192","country":"Fiji","total_cases":"18","new_cases":"","total_deaths":" ","new_deaths":"","total_recoveries":"15"},{"rank":"193","country":"New Caledonia","total_cases":"18","new_cases":"","total_deaths":" ","new_deaths":"","total_recoveries":"18"},{"rank":"194","country":"Saint Lucia","total_cases":"18","new_cases":"","total_deaths":" ","new_deaths":"","total_recoveries":"18"},{"rank":"195","country":"St. Vincent Grenadines","total_cases":"18","new_cases":"+1","total_deaths":" ","new_deaths":"","total_recoveries":"14"},{"rank":"196","country":"Cura&ccedil;ao","total_cases":"16","new_cases":"","total_deaths":"1 ","new_deaths":"","total_recoveries":"14"},{"rank":"197","country":"Dominica","total_cases":"16","new_cases":"","total_deaths":" ","new_deaths":"","total_recoveries":"16"},{"rank":"198","country":"Namibia","total_cases":"16","new_cases":"","total_deaths":" ","new_deaths":"","total_recoveries":"14"},{"rank":"199","country":"Saint Kitts and Nevis","total_cases":"15","new_cases":"","total_deaths":" ","new_deaths":"","total_recoveries":"15"},{"rank":"200","country":"Falkland Islands","total_cases":"13","new_cases":"","total_deaths":" ","new_deaths":"","total_recoveries":"13"},{"rank":"201","country":"Turks and Caicos","total_cases":"12","new_cases":"","total_deaths":"1 ","new_deaths":"","total_recoveries":"10"},{"rank":"202","country":"Vatican City","total_cases":"12","new_cases":"","total_deaths":" ","new_deaths":"","total_recoveries":"2"},{"rank":"203","country":"Montserrat","total_cases":"11","new_cases":"","total_deaths":"1 ","new_deaths":"","total_recoveries":"10"},{"rank":"204","country":"Suriname","total_cases":"11","new_cases":"","total_deaths":"1 ","new_deaths":"","total_recoveries":"9"},{"rank":"205","country":"Greenland","total_cases":"11","new_cases":"","total_deaths":" ","new_deaths":"","total_recoveries":"11"},{"rank":"206","country":"Seychelles","total_cases":"11","new_cases":"","total_deaths":" ","new_deaths":"","total_recoveries":"11"},{"rank":"207","country":"MS Zaandam","total_cases":"9","new_cases":"","total_deaths":"2 ","new_deaths":"","total_recoveries":""},{"rank":"208","country":"British Virgin Islands","total_cases":"8","new_cases":"","total_deaths":"1 ","new_deaths":"","total_recoveries":"6"},{"rank":"209","country":"Papua New Guinea","total_cases":"8","new_cases":"","total_deaths":" ","new_deaths":"","total_recoveries":"8"},{"rank":"210","country":"Caribbean Netherlands","total_cases":"6","new_cases":"","total_deaths":" ","new_deaths":"","total_recoveries":"6"},{"rank":"211","country":"St. Barth","total_cases":"6","new_cases":"","total_deaths":" ","new_deaths":"","total_recoveries":"6"},{"rank":"212","country":"Western Sahara","total_cases":"6","new_cases":"","total_deaths":" ","new_deaths":"","total_recoveries":"6"},{"rank":"213","country":"Anguilla","total_cases":"3","new_cases":"","total_deaths":" ","new_deaths":"","total_recoveries":"3"},{"rank":"214","country":"Lesotho","total_cases":"1","new_cases":"","total_deaths":" ","new_deaths":"","total_recoveries":""},{"rank":"215","country":"Saint Pierre Miquelon","total_cases":"1","new_cases":"","total_deaths":" ","new_deaths":"","total_recoveries":"1"}]