[{"rank":"1","country":"USA","total_cases":"1621196","new_cases":"+294","total_deaths":"96,359 ","new_deaths":"+5","total_recoveries":"382244"},{"rank":"2","country":"Russia","total_cases":"317554","new_cases":"","total_deaths":"3,099 ","new_deaths":"","total_recoveries":"92681"},{"rank":"3","country":"Brazil","total_cases":"310921","new_cases":"","total_deaths":"20,082 ","new_deaths":"","total_recoveries":"125960"},{"rank":"4","country":"Spain","total_cases":"280117","new_cases":"","total_deaths":"27,940 ","new_deaths":"","total_recoveries":"196958"},{"rank":"5","country":"UK","total_cases":"250908","new_cases":"","total_deaths":"36,042 ","new_deaths":"","total_recoveries":"N\/A"},{"rank":"6","country":"Italy","total_cases":"228006","new_cases":"","total_deaths":"32,486 ","new_deaths":"","total_recoveries":"134560"},{"rank":"7","country":"France","total_cases":"181826","new_cases":"","total_deaths":"28,215 ","new_deaths":"","total_recoveries":"63858"},{"rank":"8","country":"Germany","total_cases":"179021","new_cases":"","total_deaths":"8,309 ","new_deaths":"","total_recoveries":"158000"},{"rank":"9","country":"Turkey","total_cases":"153548","new_cases":"","total_deaths":"4,249 ","new_deaths":"","total_recoveries":"114990"},{"rank":"10","country":"Iran","total_cases":"129341","new_cases":"","total_deaths":"7,249 ","new_deaths":"","total_recoveries":"100564"},{"rank":"11","country":"India","total_cases":"118501","new_cases":"+275","total_deaths":"3,585 ","new_deaths":"+1","total_recoveries":"48553"},{"rank":"12","country":"Peru","total_cases":"108769","new_cases":"","total_deaths":"3,148 ","new_deaths":"","total_recoveries":"43587"},{"rank":"13","country":"Canada","total_cases":"81324","new_cases":"","total_deaths":"6,152 ","new_deaths":"","total_recoveries":"41715"},{"rank":"14","country":"Saudi Arabia","total_cases":"65077","new_cases":"","total_deaths":"351 ","new_deaths":"","total_recoveries":"36040"},{"rank":"15","country":"Mexico","total_cases":"59567","new_cases":"+2973","total_deaths":"6,510 ","new_deaths":"+420","total_recoveries":"40657"},{"rank":"16","country":"Chile","total_cases":"57581","new_cases":"","total_deaths":"589 ","new_deaths":"","total_recoveries":"23992"},{"rank":"17","country":"Belgium","total_cases":"56235","new_cases":"","total_deaths":"9,186 ","new_deaths":"","total_recoveries":"14988"},{"rank":"18","country":"Pakistan","total_cases":"50694","new_cases":"+2603","total_deaths":"1,067 ","new_deaths":"+50","total_recoveries":"15201"},{"rank":"19","country":"Netherlands","total_cases":"44700","new_cases":"","total_deaths":"5,775 ","new_deaths":"","total_recoveries":"N\/A"},{"rank":"20","country":"Qatar","total_cases":"38651","new_cases":"","total_deaths":"17 ","new_deaths":"","total_recoveries":"7288"},{"rank":"21","country":"Ecuador","total_cases":"35306","new_cases":"","total_deaths":"2,939 ","new_deaths":"","total_recoveries":"3557"},{"rank":"22","country":"Belarus","total_cases":"33371","new_cases":"","total_deaths":"185 ","new_deaths":"","total_recoveries":"12057"},{"rank":"23","country":"Sweden","total_cases":"32172","new_cases":"","total_deaths":"3,871 ","new_deaths":"","total_recoveries":"4971"},{"rank":"24","country":"Switzerland","total_cases":"30694","new_cases":"","total_deaths":"1,898 ","new_deaths":"","total_recoveries":"27900"},{"rank":"25","country":"Portugal","total_cases":"29912","new_cases":"","total_deaths":"1,277 ","new_deaths":"","total_recoveries":"6452"},{"rank":"26","country":"Singapore","total_cases":"29812","new_cases":"","total_deaths":"23 ","new_deaths":"","total_recoveries":"12117"},{"rank":"27","country":"Bangladesh","total_cases":"28511","new_cases":"","total_deaths":"408 ","new_deaths":"","total_recoveries":"5602"},{"rank":"28","country":"UAE","total_cases":"26898","new_cases":"","total_deaths":"237 ","new_deaths":"","total_recoveries":"12755"},{"rank":"29","country":"Ireland","total_cases":"24391","new_cases":"","total_deaths":"1,583 ","new_deaths":"","total_recoveries":"21060"},{"rank":"30","country":"Indonesia","total_cases":"20162","new_cases":"","total_deaths":"1,278 ","new_deaths":"","total_recoveries":"4838"},{"rank":"31","country":"Ukraine","total_cases":"20148","new_cases":"+442","total_deaths":"588 ","new_deaths":"+9","total_recoveries":"6585"},{"rank":"32","country":"Poland","total_cases":"20143","new_cases":"","total_deaths":"972 ","new_deaths":"","total_recoveries":"8452"},{"rank":"33","country":"South Africa","total_cases":"19137","new_cases":"","total_deaths":"369 ","new_deaths":"","total_recoveries":"8950"},{"rank":"34","country":"Kuwait","total_cases":"18609","new_cases":"","total_deaths":"129 ","new_deaths":"","total_recoveries":"5205"},{"rank":"35","country":"Colombia","total_cases":"18330","new_cases":"","total_deaths":"652 ","new_deaths":"","total_recoveries":"4431"},{"rank":"36","country":"Romania","total_cases":"17585","new_cases":"","total_deaths":"1,156 ","new_deaths":"","total_recoveries":"10581"},{"rank":"37","country":"Israel","total_cases":"16690","new_cases":"+7","total_deaths":"279 ","new_deaths":"","total_recoveries":"13915"},{"rank":"38","country":"Japan","total_cases":"16424","new_cases":"","total_deaths":"777 ","new_deaths":"","total_recoveries":"12672"},{"rank":"39","country":"Austria","total_cases":"16404","new_cases":"","total_deaths":"633 ","new_deaths":"","total_recoveries":"14951"},{"rank":"40","country":"Egypt","total_cases":"15003","new_cases":"","total_deaths":"696 ","new_deaths":"","total_recoveries":"4217"},{"rank":"41","country":"Dominican Republic","total_cases":"13657","new_cases":"","total_deaths":"448 ","new_deaths":"","total_recoveries":"7366"},{"rank":"42","country":"Philippines","total_cases":"13434","new_cases":"","total_deaths":"846 ","new_deaths":"","total_recoveries":"3000"},{"rank":"43","country":"Denmark","total_cases":"11182","new_cases":"","total_deaths":"561 ","new_deaths":"","total_recoveries":"9643"},{"rank":"44","country":"S. Korea","total_cases":"11142","new_cases":"+20","total_deaths":"264 ","new_deaths":"","total_recoveries":"10162"},{"rank":"45","country":"Serbia","total_cases":"10919","new_cases":"","total_deaths":"237 ","new_deaths":"","total_recoveries":"5370"},{"rank":"46","country":"Panama","total_cases":"10116","new_cases":"","total_deaths":"291 ","new_deaths":"","total_recoveries":"6245"},{"rank":"47","country":"Argentina","total_cases":"9931","new_cases":"","total_deaths":"416 ","new_deaths":"","total_recoveries":"3032"},{"rank":"48","country":"Czechia","total_cases":"8754","new_cases":"","total_deaths":"306 ","new_deaths":"","total_recoveries":"5926"},{"rank":"49","country":"Afghanistan","total_cases":"8676","new_cases":"","total_deaths":"193 ","new_deaths":"","total_recoveries":"938"},{"rank":"50","country":"Norway","total_cases":"8309","new_cases":"","total_deaths":"235 ","new_deaths":"","total_recoveries":"32"},{"rank":"51","country":"Bahrain","total_cases":"8174","new_cases":"","total_deaths":"12 ","new_deaths":"","total_recoveries":"3873"},{"rank":"52","country":"Algeria","total_cases":"7728","new_cases":"","total_deaths":"575 ","new_deaths":"","total_recoveries":"4062"},{"rank":"53","country":"Kazakhstan","total_cases":"7597","new_cases":"+363","total_deaths":"35 ","new_deaths":"","total_recoveries":"3843"},{"rank":"54","country":"Morocco","total_cases":"7211","new_cases":"","total_deaths":"196 ","new_deaths":"","total_recoveries":"4280"},{"rank":"55","country":"Australia","total_cases":"7095","new_cases":"+14","total_deaths":"101 ","new_deaths":"+1","total_recoveries":"6478"},{"rank":"56","country":"Malaysia","total_cases":"7059","new_cases":"","total_deaths":"114 ","new_deaths":"","total_recoveries":"5796"},{"rank":"57","country":"Nigeria","total_cases":"7016","new_cases":"","total_deaths":"211 ","new_deaths":"","total_recoveries":"1907"},{"rank":"58","country":"Moldova","total_cases":"6704","new_cases":"","total_deaths":"233 ","new_deaths":"","total_recoveries":"2953"},{"rank":"59","country":"Finland","total_cases":"6493","new_cases":"","total_deaths":"306 ","new_deaths":"","total_recoveries":"4800"},{"rank":"60","country":"Ghana","total_cases":"6486","new_cases":"+217","total_deaths":"31 ","new_deaths":"","total_recoveries":"1951"},{"rank":"61","country":"Oman","total_cases":"6370","new_cases":"","total_deaths":"31 ","new_deaths":"","total_recoveries":"1821"},{"rank":"62","country":"Armenia","total_cases":"5606","new_cases":"","total_deaths":"70 ","new_deaths":"","total_recoveries":"2581"},{"rank":"63","country":"Bolivia","total_cases":"5187","new_cases":"+268","total_deaths":"215 ","new_deaths":"+16","total_recoveries":"561"},{"rank":"64","country":"Cameroon","total_cases":"4288","new_cases":"","total_deaths":"156 ","new_deaths":"","total_recoveries":"1808"},{"rank":"65","country":"Luxembourg","total_cases":"3980","new_cases":"","total_deaths":"109 ","new_deaths":"","total_recoveries":"3741"},{"rank":"66","country":"Iraq","total_cases":"3877","new_cases":"","total_deaths":"140 ","new_deaths":"","total_recoveries":"2483"},{"rank":"67","country":"Azerbaijan","total_cases":"3749","new_cases":"","total_deaths":"44 ","new_deaths":"","total_recoveries":"2340"},{"rank":"68","country":"Hungary","total_cases":"3678","new_cases":"+37","total_deaths":"476 ","new_deaths":"+3","total_recoveries":"1587"},{"rank":"69","country":"Honduras","total_cases":"3204","new_cases":"+104","total_deaths":"156 ","new_deaths":"+5","total_recoveries":"397"},{"rank":"70","country":"Sudan","total_cases":"3138","new_cases":"","total_deaths":"121 ","new_deaths":"","total_recoveries":"309"},{"rank":"71","country":"Guinea","total_cases":"3067","new_cases":"","total_deaths":"18 ","new_deaths":"","total_recoveries":"1575"},{"rank":"72","country":"Thailand","total_cases":"3037","new_cases":"","total_deaths":"56 ","new_deaths":"","total_recoveries":"2910"},{"rank":"73","country":"Uzbekistan","total_cases":"3006","new_cases":"+42","total_deaths":"13 ","new_deaths":"","total_recoveries":"2407"},{"rank":"74","country":"Greece","total_cases":"2853","new_cases":"","total_deaths":"168 ","new_deaths":"","total_recoveries":"1374"},{"rank":"75","country":"Senegal","total_cases":"2812","new_cases":"","total_deaths":"33 ","new_deaths":"","total_recoveries":"1251"},{"rank":"76","country":"Guatemala","total_cases":"2512","new_cases":"+247","total_deaths":"48 ","new_deaths":"+3","total_recoveries":"222"},{"rank":"77","country":"Bulgaria","total_cases":"2372","new_cases":"+41","total_deaths":"125 ","new_deaths":"+5","total_recoveries":"769"},{"rank":"78","country":"Bosnia and Herzegovina","total_cases":"2350","new_cases":"","total_deaths":"140 ","new_deaths":"","total_recoveries":"1596"},{"rank":"79","country":"Tajikistan","total_cases":"2350","new_cases":"","total_deaths":"44 ","new_deaths":"","total_recoveries":"1008"},{"rank":"80","country":"Ivory Coast","total_cases":"2301","new_cases":"","total_deaths":"29 ","new_deaths":"","total_recoveries":"1100"},{"rank":"81","country":"Croatia","total_cases":"2237","new_cases":"","total_deaths":"97 ","new_deaths":"","total_recoveries":"1978"},{"rank":"82","country":"Djibouti","total_cases":"2047","new_cases":"","total_deaths":"10 ","new_deaths":"","total_recoveries":"1055"},{"rank":"83","country":"Cuba","total_cases":"1908","new_cases":"","total_deaths":"80 ","new_deaths":"","total_recoveries":"1603"},{"rank":"84","country":"North Macedonia","total_cases":"1898","new_cases":"","total_deaths":"111 ","new_deaths":"","total_recoveries":"1378"},{"rank":"85","country":"DRC","total_cases":"1835","new_cases":"","total_deaths":"61 ","new_deaths":"","total_recoveries":"303"},{"rank":"86","country":"Iceland","total_cases":"1803","new_cases":"","total_deaths":"10 ","new_deaths":"","total_recoveries":"1790"},{"rank":"87","country":"Estonia","total_cases":"1800","new_cases":"","total_deaths":"64 ","new_deaths":"","total_recoveries":"1488"},{"rank":"88","country":"El Salvador","total_cases":"1725","new_cases":"+85","total_deaths":"33 ","new_deaths":"","total_recoveries":"562"},{"rank":"89","country":"Somalia","total_cases":"1594","new_cases":"","total_deaths":"61 ","new_deaths":"","total_recoveries":"204"},{"rank":"90","country":"Lithuania","total_cases":"1593","new_cases":"","total_deaths":"61 ","new_deaths":"","total_recoveries":"1049"},{"rank":"91","country":"Gabon","total_cases":"1567","new_cases":"","total_deaths":"12 ","new_deaths":"","total_recoveries":"365"},{"rank":"92","country":"New Zealand","total_cases":"1504","new_cases":"+1","total_deaths":"21 ","new_deaths":"","total_recoveries":"1455"},{"rank":"93","country":"Slovakia","total_cases":"1502","new_cases":"","total_deaths":"28 ","new_deaths":"","total_recoveries":"1245"},{"rank":"94","country":"Mayotte","total_cases":"1475","new_cases":"","total_deaths":"19 ","new_deaths":"","total_recoveries":"894"},{"rank":"95","country":"Slovenia","total_cases":"1468","new_cases":"","total_deaths":"106 ","new_deaths":"","total_recoveries":"1340"},{"rank":"96","country":"Kyrgyzstan","total_cases":"1350","new_cases":"+37","total_deaths":"14 ","new_deaths":"","total_recoveries":"939"},{"rank":"97","country":"Maldives","total_cases":"1216","new_cases":"","total_deaths":"4 ","new_deaths":"","total_recoveries":"91"},{"rank":"98","country":"Kenya","total_cases":"1109","new_cases":"","total_deaths":"50 ","new_deaths":"","total_recoveries":"375"},{"rank":"99","country":"Guinea-Bissau","total_cases":"1109","new_cases":"","total_deaths":"6 ","new_deaths":"","total_recoveries":"42"},{"rank":"100","country":"Hong Kong","total_cases":"1064","new_cases":"","total_deaths":"4 ","new_deaths":"","total_recoveries":"1029"},{"rank":"101","country":"Sri Lanka","total_cases":"1055","new_cases":"+7","total_deaths":"9 ","new_deaths":"","total_recoveries":"604"},{"rank":"102","country":"Tunisia","total_cases":"1046","new_cases":"","total_deaths":"47 ","new_deaths":"","total_recoveries":"883"},{"rank":"103","country":"Latvia","total_cases":"1025","new_cases":"","total_deaths":"22 ","new_deaths":"","total_recoveries":"694"},{"rank":"104","country":"Lebanon","total_cases":"1024","new_cases":"","total_deaths":"26 ","new_deaths":"","total_recoveries":"663"},{"rank":"105","country":"Albania","total_cases":"969","new_cases":"","total_deaths":"31 ","new_deaths":"","total_recoveries":"771"},{"rank":"106","country":"Mali","total_cases":"947","new_cases":"","total_deaths":"60 ","new_deaths":"","total_recoveries":"558"},{"rank":"107","country":"Niger","total_cases":"924","new_cases":"","total_deaths":"60 ","new_deaths":"","total_recoveries":"753"},{"rank":"108","country":"Cyprus","total_cases":"923","new_cases":"","total_deaths":"17 ","new_deaths":"","total_recoveries":"561"},{"rank":"109","country":"Costa Rica","total_cases":"903","new_cases":"","total_deaths":"10 ","new_deaths":"","total_recoveries":"592"},{"rank":"110","country":"Equatorial Guinea","total_cases":"903","new_cases":"","total_deaths":"10 ","new_deaths":"","total_recoveries":"22"},{"rank":"111","country":"Venezuela","total_cases":"882","new_cases":"","total_deaths":"10 ","new_deaths":"","total_recoveries":"262"},{"rank":"112","country":"Zambia","total_cases":"866","new_cases":"","total_deaths":"7 ","new_deaths":"","total_recoveries":"302"},{"rank":"113","country":"Paraguay","total_cases":"836","new_cases":"","total_deaths":"11 ","new_deaths":"","total_recoveries":"256"},{"rank":"114","country":"Burkina Faso","total_cases":"812","new_cases":"","total_deaths":"52 ","new_deaths":"","total_recoveries":"669"},{"rank":"115","country":"Andorra","total_cases":"762","new_cases":"","total_deaths":"51 ","new_deaths":"","total_recoveries":"639"},{"rank":"116","country":"Uruguay","total_cases":"749","new_cases":"","total_deaths":"20 ","new_deaths":"","total_recoveries":"594"},{"rank":"117","country":"Haiti","total_cases":"734","new_cases":"+71","total_deaths":"25 ","new_deaths":"+3","total_recoveries":"21"},{"rank":"118","country":"Georgia","total_cases":"723","new_cases":"+2","total_deaths":"12 ","new_deaths":"","total_recoveries":"495"},{"rank":"119","country":"Diamond Princess","total_cases":"712","new_cases":"","total_deaths":"13 ","new_deaths":"","total_recoveries":"651"},{"rank":"120","country":"Jordan","total_cases":"684","new_cases":"","total_deaths":"9 ","new_deaths":"","total_recoveries":"457"},{"rank":"121","country":"San Marino","total_cases":"658","new_cases":"","total_deaths":"41 ","new_deaths":"","total_recoveries":"235"},{"rank":"122","country":"Malta","total_cases":"599","new_cases":"","total_deaths":"6 ","new_deaths":"","total_recoveries":"468"},{"rank":"123","country":"Chad","total_cases":"588","new_cases":"","total_deaths":"58 ","new_deaths":"","total_recoveries":"186"},{"rank":"124","country":"Sierra Leone","total_cases":"585","new_cases":"","total_deaths":"35 ","new_deaths":"","total_recoveries":"205"},{"rank":"125","country":"Channel Islands","total_cases":"558","new_cases":"","total_deaths":"45 ","new_deaths":"","total_recoveries":"508"},{"rank":"126","country":"Jamaica","total_cases":"534","new_cases":"+5","total_deaths":"9 ","new_deaths":"","total_recoveries":"181"},{"rank":"127","country":"Tanzania","total_cases":"509","new_cases":"","total_deaths":"21 ","new_deaths":"","total_recoveries":"183"},{"rank":"128","country":"Nepal","total_cases":"487","new_cases":"+30","total_deaths":"3 ","new_deaths":"","total_recoveries":"49"},{"rank":"129","country":"South Sudan","total_cases":"481","new_cases":"","total_deaths":"4 ","new_deaths":"","total_recoveries":"4"},{"rank":"130","country":"Congo","total_cases":"469","new_cases":"","total_deaths":"16 ","new_deaths":"","total_recoveries":"137"},{"rank":"131","country":"R&eacute;union","total_cases":"449","new_cases":"","total_deaths":"1 ","new_deaths":"","total_recoveries":"411"},{"rank":"132","country":"Taiwan","total_cases":"441","new_cases":"","total_deaths":"7 ","new_deaths":"","total_recoveries":"407"},{"rank":"133","country":"CAR","total_cases":"436","new_cases":"","total_deaths":" ","new_deaths":"","total_recoveries":"18"},{"rank":"134","country":"Palestine","total_cases":"423","new_cases":"","total_deaths":"2 ","new_deaths":"","total_recoveries":"346"},{"rank":"135","country":"Madagascar","total_cases":"405","new_cases":"","total_deaths":"2 ","new_deaths":"","total_recoveries":"131"},{"rank":"136","country":"Ethiopia","total_cases":"399","new_cases":"","total_deaths":"5 ","new_deaths":"","total_recoveries":"123"},{"rank":"137","country":"Cabo Verde","total_cases":"356","new_cases":"","total_deaths":"3 ","new_deaths":"","total_recoveries":"95"},{"rank":"138","country":"Togo","total_cases":"354","new_cases":"","total_deaths":"12 ","new_deaths":"","total_recoveries":"118"},{"rank":"139","country":"Isle of Man","total_cases":"336","new_cases":"","total_deaths":"24 ","new_deaths":"","total_recoveries":"303"},{"rank":"140","country":"Mauritius","total_cases":"332","new_cases":"","total_deaths":"10 ","new_deaths":"","total_recoveries":"322"},{"rank":"141","country":"Montenegro","total_cases":"324","new_cases":"","total_deaths":"9 ","new_deaths":"","total_recoveries":"314"},{"rank":"142","country":"Vietnam","total_cases":"324","new_cases":"","total_deaths":" ","new_deaths":"","total_recoveries":"266"},{"rank":"143","country":"Rwanda","total_cases":"320","new_cases":"","total_deaths":" ","new_deaths":"","total_recoveries":"217"},{"rank":"144","country":"Nicaragua","total_cases":"279","new_cases":"","total_deaths":"17 ","new_deaths":"","total_recoveries":"199"},{"rank":"145","country":"Sao Tome and Principe","total_cases":"251","new_cases":"","total_deaths":"8 ","new_deaths":"","total_recoveries":"4"},{"rank":"146","country":"French Guiana","total_cases":"249","new_cases":"","total_deaths":"1 ","new_deaths":"","total_recoveries":"137"},{"rank":"147","country":"Liberia","total_cases":"240","new_cases":"","total_deaths":"23 ","new_deaths":"","total_recoveries":"131"},{"rank":"148","country":"Eswatini","total_cases":"220","new_cases":"","total_deaths":"2 ","new_deaths":"","total_recoveries":"112"},{"rank":"149","country":"Myanmar","total_cases":"199","new_cases":"","total_deaths":"6 ","new_deaths":"","total_recoveries":"108"},{"rank":"150","country":"Yemen","total_cases":"197","new_cases":"","total_deaths":"33 ","new_deaths":"","total_recoveries":"5"},{"rank":"151","country":"Martinique","total_cases":"192","new_cases":"","total_deaths":"14 ","new_deaths":"","total_recoveries":"91"},{"rank":"152","country":"Faeroe Islands","total_cases":"187","new_cases":"","total_deaths":" ","new_deaths":"","total_recoveries":"187"},{"rank":"153","country":"Mauritania","total_cases":"173","new_cases":"","total_deaths":"5 ","new_deaths":"","total_recoveries":"7"},{"rank":"154","country":"Mozambique","total_cases":"162","new_cases":"","total_deaths":" ","new_deaths":"","total_recoveries":"48"},{"rank":"155","country":"Uganda","total_cases":"160","new_cases":"","total_deaths":" ","new_deaths":"","total_recoveries":"66"},{"rank":"156","country":"Guadeloupe","total_cases":"155","new_cases":"","total_deaths":"13 ","new_deaths":"","total_recoveries":"109"},{"rank":"157","country":"Gibraltar","total_cases":"151","new_cases":"","total_deaths":" ","new_deaths":"","total_recoveries":"146"},{"rank":"158","country":"Brunei ","total_cases":"141","new_cases":"","total_deaths":"1 ","new_deaths":"","total_recoveries":"136"},{"rank":"159","country":"Mongolia","total_cases":"141","new_cases":"+1","total_deaths":" ","new_deaths":"","total_recoveries":"28"},{"rank":"160","country":"Benin","total_cases":"135","new_cases":"","total_deaths":"3 ","new_deaths":"","total_recoveries":"61"},{"rank":"161","country":"Guyana","total_cases":"127","new_cases":"","total_deaths":"10 ","new_deaths":"","total_recoveries":"57"},{"rank":"162","country":"Bermuda","total_cases":"125","new_cases":"","total_deaths":"9 ","new_deaths":"","total_recoveries":"80"},{"rank":"163","country":"Cambodia","total_cases":"123","new_cases":"","total_deaths":" ","new_deaths":"","total_recoveries":"122"},{"rank":"164","country":"Cayman Islands","total_cases":"121","new_cases":"","total_deaths":"1 ","new_deaths":"","total_recoveries":"55"},{"rank":"165","country":"Trinidad and Tobago","total_cases":"116","new_cases":"","total_deaths":"8 ","new_deaths":"","total_recoveries":"108"},{"rank":"166","country":"Aruba","total_cases":"101","new_cases":"","total_deaths":"3 ","new_deaths":"","total_recoveries":"95"},{"rank":"167","country":"Bahamas","total_cases":"97","new_cases":"","total_deaths":"11 ","new_deaths":"","total_recoveries":"44"},{"rank":"168","country":"Monaco","total_cases":"97","new_cases":"","total_deaths":"4 ","new_deaths":"","total_recoveries":"90"},{"rank":"169","country":"Barbados","total_cases":"90","new_cases":"","total_deaths":"7 ","new_deaths":"","total_recoveries":"70"},{"rank":"170","country":"Liechtenstein","total_cases":"82","new_cases":"","total_deaths":"1 ","new_deaths":"","total_recoveries":"55"},{"rank":"171","country":"Sint Maarten","total_cases":"77","new_cases":"","total_deaths":"15 ","new_deaths":"","total_recoveries":"59"},{"rank":"172","country":"Malawi","total_cases":"72","new_cases":"","total_deaths":"3 ","new_deaths":"","total_recoveries":"27"},{"rank":"173","country":"Libya","total_cases":"71","new_cases":"","total_deaths":"3 ","new_deaths":"","total_recoveries":"35"},{"rank":"174","country":"French Polynesia","total_cases":"60","new_cases":"","total_deaths":" ","new_deaths":"","total_recoveries":"60"},{"rank":"175","country":"Angola","total_cases":"58","new_cases":"","total_deaths":"3 ","new_deaths":"","total_recoveries":"17"},{"rank":"176","country":"Syria","total_cases":"58","new_cases":"","total_deaths":"3 ","new_deaths":"","total_recoveries":"36"},{"rank":"177","country":"Zimbabwe","total_cases":"51","new_cases":"","total_deaths":"4 ","new_deaths":"","total_recoveries":"18"},{"rank":"178","country":"Macao","total_cases":"45","new_cases":"","total_deaths":" ","new_deaths":"","total_recoveries":"45"},{"rank":"179","country":"Burundi","total_cases":"42","new_cases":"","total_deaths":"1 ","new_deaths":"","total_recoveries":"20"},{"rank":"180","country":"Saint Martin","total_cases":"40","new_cases":"","total_deaths":"3 ","new_deaths":"","total_recoveries":"33"},{"rank":"181","country":"Eritrea","total_cases":"39","new_cases":"","total_deaths":" ","new_deaths":"","total_recoveries":"39"},{"rank":"182","country":"Comoros","total_cases":"34","new_cases":"","total_deaths":"1 ","new_deaths":"","total_recoveries":"8"},{"rank":"183","country":"Botswana","total_cases":"29","new_cases":"","total_deaths":"1 ","new_deaths":"","total_recoveries":"19"},{"rank":"184","country":"Antigua and Barbuda","total_cases":"25","new_cases":"","total_deaths":"3 ","new_deaths":"","total_recoveries":"19"},{"rank":"185","country":"Gambia","total_cases":"24","new_cases":"","total_deaths":"1 ","new_deaths":"","total_recoveries":"13"},{"rank":"186","country":"Timor-Leste","total_cases":"24","new_cases":"","total_deaths":" ","new_deaths":"","total_recoveries":"24"},{"rank":"187","country":"Grenada","total_cases":"22","new_cases":"","total_deaths":" ","new_deaths":"","total_recoveries":"17"},{"rank":"188","country":"Bhutan","total_cases":"21","new_cases":"","total_deaths":" ","new_deaths":"","total_recoveries":"6"},{"rank":"189","country":"Laos","total_cases":"19","new_cases":"","total_deaths":" ","new_deaths":"","total_recoveries":"14"},{"rank":"190","country":"Belize","total_cases":"18","new_cases":"","total_deaths":"2 ","new_deaths":"","total_recoveries":"16"},{"rank":"191","country":"Fiji","total_cases":"18","new_cases":"","total_deaths":" ","new_deaths":"","total_recoveries":"15"},{"rank":"192","country":"Namibia","total_cases":"18","new_cases":"","total_deaths":" ","new_deaths":"","total_recoveries":"14"},{"rank":"193","country":"New Caledonia","total_cases":"18","new_cases":"","total_deaths":" ","new_deaths":"","total_recoveries":"18"},{"rank":"194","country":"Saint Lucia","total_cases":"18","new_cases":"","total_deaths":" ","new_deaths":"","total_recoveries":"18"},{"rank":"195","country":"St. Vincent Grenadines","total_cases":"18","new_cases":"","total_deaths":" ","new_deaths":"","total_recoveries":"14"},{"rank":"196","country":"Cura&ccedil;ao","total_cases":"16","new_cases":"","total_deaths":"1 ","new_deaths":"","total_recoveries":"14"},{"rank":"197","country":"Dominica","total_cases":"16","new_cases":"","total_deaths":" ","new_deaths":"","total_recoveries":"16"},{"rank":"198","country":"Saint Kitts and Nevis","total_cases":"15","new_cases":"","total_deaths":" ","new_deaths":"","total_recoveries":"15"},{"rank":"199","country":"Falkland Islands","total_cases":"13","new_cases":"","total_deaths":" ","new_deaths":"","total_recoveries":"13"},{"rank":"200","country":"Turks and Caicos","total_cases":"12","new_cases":"","total_deaths":"1 ","new_deaths":"","total_recoveries":"10"},{"rank":"201","country":"Vatican City","total_cases":"12","new_cases":"","total_deaths":" ","new_deaths":"","total_recoveries":"2"},{"rank":"202","country":"Montserrat","total_cases":"11","new_cases":"","total_deaths":"1 ","new_deaths":"","total_recoveries":"10"},{"rank":"203","country":"Suriname","total_cases":"11","new_cases":"","total_deaths":"1 ","new_deaths":"","total_recoveries":"9"},{"rank":"204","country":"Greenland","total_cases":"11","new_cases":"","total_deaths":" ","new_deaths":"","total_recoveries":"11"},{"rank":"205","country":"Seychelles","total_cases":"11","new_cases":"","total_deaths":" ","new_deaths":"","total_recoveries":"11"},{"rank":"206","country":"MS Zaandam","total_cases":"9","new_cases":"","total_deaths":"2 ","new_deaths":"","total_recoveries":""},{"rank":"207","country":"British Virgin Islands","total_cases":"8","new_cases":"","total_deaths":"1 ","new_deaths":"","total_recoveries":"6"},{"rank":"208","country":"Papua New Guinea","total_cases":"8","new_cases":"","total_deaths":" ","new_deaths":"","total_recoveries":"8"},{"rank":"209","country":"Caribbean Netherlands","total_cases":"6","new_cases":"","total_deaths":" ","new_deaths":"","total_recoveries":"6"},{"rank":"210","country":"St. Barth","total_cases":"6","new_cases":"","total_deaths":" ","new_deaths":"","total_recoveries":"6"},{"rank":"211","country":"Western Sahara","total_cases":"6","new_cases":"","total_deaths":" ","new_deaths":"","total_recoveries":"6"},{"rank":"212","country":"Anguilla","total_cases":"3","new_cases":"","total_deaths":" ","new_deaths":"","total_recoveries":"3"},{"rank":"213","country":"Lesotho","total_cases":"1","new_cases":"","total_deaths":" ","new_deaths":"","total_recoveries":""},{"rank":"214","country":"Saint Pierre Miquelon","total_cases":"1","new_cases":"","total_deaths":" ","new_deaths":"","total_recoveries":"1"},{"rank":"215","country":"China","total_cases":"82971","new_cases":"+4","total_deaths":"4,634 ","new_deaths":"","total_recoveries":"78255"},{"rank":"1","country":"China","total_cases":"82967","new_cases":"+2","total_deaths":"4,634 ","new_deaths":"","total_recoveries":"78249"},{"rank":"2","country":"USA","total_cases":"1620902","new_cases":"+28179","total_deaths":"96,354 ","new_deaths":"+1418","total_recoveries":"382169"},{"rank":"3","country":"Russia","total_cases":"317554","new_cases":"+8849","total_deaths":"3,099 ","new_deaths":"+127","total_recoveries":"92681"},{"rank":"4","country":"Brazil","total_cases":"310921","new_cases":"+17564","total_deaths":"20,082 ","new_deaths":"+1188","total_recoveries":"125960"},{"rank":"5","country":"Spain","total_cases":"280117","new_cases":"+593","total_deaths":"27,940 ","new_deaths":"+52","total_recoveries":"196958"},{"rank":"6","country":"UK","total_cases":"250908","new_cases":"+2615","total_deaths":"36,042 ","new_deaths":"+338","total_recoveries":"N\/A"},{"rank":"7","country":"Italy","total_cases":"228006","new_cases":"+642","total_deaths":"32,486 ","new_deaths":"+156","total_recoveries":"134560"},{"rank":"8","country":"France","total_cases":"181826","new_cases":"+251","total_deaths":"28,215 ","new_deaths":"+83","total_recoveries":"63858"},{"rank":"9","country":"Germany","total_cases":"179021","new_cases":"+490","total_deaths":"8,309 ","new_deaths":"+39","total_recoveries":"158000"},{"rank":"10","country":"Turkey","total_cases":"153548","new_cases":"+961","total_deaths":"4,249 ","new_deaths":"+27","total_recoveries":"114990"},{"rank":"11","country":"Iran","total_cases":"129341","new_cases":"+2392","total_deaths":"7,249 ","new_deaths":"+66","total_recoveries":"100564"},{"rank":"12","country":"India","total_cases":"118226","new_cases":"+6198","total_deaths":"3,584 ","new_deaths":"+150","total_recoveries":"48553"},{"rank":"13","country":"Peru","total_cases":"108769","new_cases":"+4749","total_deaths":"3,148 ","new_deaths":"+124","total_recoveries":"43587"},{"rank":"14","country":"Canada","total_cases":"81324","new_cases":"+1182","total_deaths":"6,152 ","new_deaths":"+121","total_recoveries":"41715"},{"rank":"15","country":"Saudi Arabia","total_cases":"65077","new_cases":"+2532","total_deaths":"351 ","new_deaths":"+12","total_recoveries":"36040"},{"rank":"16","country":"Chile","total_cases":"57581","new_cases":"+3964","total_deaths":"589 ","new_deaths":"+45","total_recoveries":"23992"},{"rank":"17","country":"Mexico","total_cases":"56594","new_cases":"+2248","total_deaths":"6,090 ","new_deaths":"+424","total_recoveries":"38876"},{"rank":"18","country":"Belgium","total_cases":"56235","new_cases":"+252","total_deaths":"9,186 ","new_deaths":"+36","total_recoveries":"14988"},{"rank":"19","country":"Pakistan","total_cases":"48091","new_cases":"+2193","total_deaths":"1,017 ","new_deaths":"+32","total_recoveries":"14155"},{"rank":"20","country":"Netherlands","total_cases":"44700","new_cases":"+253","total_deaths":"5,775 ","new_deaths":"+27","total_recoveries":"N\/A"},{"rank":"21","country":"Qatar","total_cases":"38651","new_cases":"+1554","total_deaths":"17 ","new_deaths":"+1","total_recoveries":"7288"},{"rank":"22","country":"Ecuador","total_cases":"35306","new_cases":"+452","total_deaths":"2,939 ","new_deaths":"+51","total_recoveries":"3557"},{"rank":"23","country":"Belarus","total_cases":"33371","new_cases":"+945","total_deaths":"185 ","new_deaths":"+6","total_recoveries":"12057"},{"rank":"24","country":"Sweden","total_cases":"32172","new_cases":"+649","total_deaths":"3,871 ","new_deaths":"+40","total_recoveries":"4971"},{"rank":"25","country":"Switzerland","total_cases":"30694","new_cases":"+36","total_deaths":"1,898 ","new_deaths":"+6","total_recoveries":"27900"},{"rank":"26","country":"Portugal","total_cases":"29912","new_cases":"+252","total_deaths":"1,277 ","new_deaths":"+14","total_recoveries":"6452"},{"rank":"27","country":"Singapore","total_cases":"29812","new_cases":"+448","total_deaths":"23 ","new_deaths":"+1","total_recoveries":"12117"},{"rank":"28","country":"Bangladesh","total_cases":"28511","new_cases":"+1773","total_deaths":"408 ","new_deaths":"+22","total_recoveries":"5602"},{"rank":"29","country":"UAE","total_cases":"26898","new_cases":"+894","total_deaths":"237 ","new_deaths":"+4","total_recoveries":"12755"},{"rank":"30","country":"Ireland","total_cases":"24391","new_cases":"+76","total_deaths":"1,583 ","new_deaths":"+12","total_recoveries":"21060"},{"rank":"31","country":"Indonesia","total_cases":"20162","new_cases":"+973","total_deaths":"1,278 ","new_deaths":"+36","total_recoveries":"4838"},{"rank":"32","country":"Poland","total_cases":"20143","new_cases":"+404","total_deaths":"972 ","new_deaths":"+10","total_recoveries":"8452"},{"rank":"33","country":"Ukraine","total_cases":"19706","new_cases":"+476","total_deaths":"579 ","new_deaths":"+15","total_recoveries":"6227"},{"rank":"34","country":"South Africa","total_cases":"19137","new_cases":"+1134","total_deaths":"369 ","new_deaths":"+30","total_recoveries":"8950"},{"rank":"35","country":"Kuwait","total_cases":"18609","new_cases":"+1041","total_deaths":"129 ","new_deaths":"+5","total_recoveries":"5205"},{"rank":"36","country":"Colombia","total_cases":"18330","new_cases":"+643","total_deaths":"652 ","new_deaths":"+22","total_recoveries":"4431"},{"rank":"37","country":"Romania","total_cases":"17585","new_cases":"+198","total_deaths":"1,156 ","new_deaths":"+9","total_recoveries":"10581"},{"rank":"38","country":"Israel","total_cases":"16683","new_cases":"+16","total_deaths":"279 ","new_deaths":"","total_recoveries":"13724"},{"rank":"39","country":"Japan","total_cases":"16424","new_cases":"+39","total_deaths":"777 ","new_deaths":"+6","total_recoveries":"12672"},{"rank":"40","country":"Austria","total_cases":"16404","new_cases":"+51","total_deaths":"633 ","new_deaths":"","total_recoveries":"14951"},{"rank":"41","country":"Egypt","total_cases":"15003","new_cases":"+774","total_deaths":"696 ","new_deaths":"+16","total_recoveries":"4217"},{"rank":"42","country":"Dominican Republic","total_cases":"13657","new_cases":"+180","total_deaths":"448 ","new_deaths":"+2","total_recoveries":"7366"},{"rank":"43","country":"Philippines","total_cases":"13434","new_cases":"+213","total_deaths":"846 ","new_deaths":"+4","total_recoveries":"3000"},{"rank":"44","country":"Denmark","total_cases":"11182","new_cases":"+65","total_deaths":"561 ","new_deaths":"+7","total_recoveries":"9643"},{"rank":"45","country":"S. Korea","total_cases":"11122","new_cases":"+12","total_deaths":"264 ","new_deaths":"+1","total_recoveries":"10135"},{"rank":"46","country":"Serbia","total_cases":"10919","new_cases":"+86","total_deaths":"237 ","new_deaths":"+2","total_recoveries":"5370"},{"rank":"47","country":"Panama","total_cases":"10116","new_cases":"+139","total_deaths":"291 ","new_deaths":"+4","total_recoveries":"6245"},{"rank":"48","country":"Argentina","total_cases":"9931","new_cases":"+648","total_deaths":"416 ","new_deaths":"+13","total_recoveries":"3032"},{"rank":"49","country":"Czechia","total_cases":"8754","new_cases":"+33","total_deaths":"306 ","new_deaths":"+2","total_recoveries":"5926"},{"rank":"50","country":"Afghanistan","total_cases":"8676","new_cases":"+531","total_deaths":"193 ","new_deaths":"+6","total_recoveries":"938"},{"rank":"51","country":"Norway","total_cases":"8309","new_cases":"+28","total_deaths":"235 ","new_deaths":"+1","total_recoveries":"32"},{"rank":"52","country":"Bahrain","total_cases":"8174","new_cases":"+286","total_deaths":"12 ","new_deaths":"","total_recoveries":"3873"},{"rank":"53","country":"Algeria","total_cases":"7728","new_cases":"+186","total_deaths":"575 ","new_deaths":"+7","total_recoveries":"4062"},{"rank":"54","country":"Kazakhstan","total_cases":"7234","new_cases":"+265","total_deaths":"35 ","new_deaths":"","total_recoveries":"3843"},{"rank":"55","country":"Morocco","total_cases":"7211","new_cases":"+78","total_deaths":"196 ","new_deaths":"+2","total_recoveries":"4280"},{"rank":"56","country":"Australia","total_cases":"7081","new_cases":"+2","total_deaths":"100 ","new_deaths":"","total_recoveries":"6472"},{"rank":"57","country":"Malaysia","total_cases":"7059","new_cases":"+50","total_deaths":"114 ","new_deaths":"","total_recoveries":"5796"},{"rank":"58","country":"Nigeria","total_cases":"7016","new_cases":"+339","total_deaths":"211 ","new_deaths":"+11","total_recoveries":"1907"},{"rank":"59","country":"Moldova","total_cases":"6704","new_cases":"+151","total_deaths":"233 ","new_deaths":"+5","total_recoveries":"2953"},{"rank":"60","country":"Finland","total_cases":"6493","new_cases":"+50","total_deaths":"306 ","new_deaths":"+2","total_recoveries":"4800"},{"rank":"61","country":"Oman","total_cases":"6370","new_cases":"+327","total_deaths":"31 ","new_deaths":"+1","total_recoveries":"1821"},{"rank":"62","country":"Ghana","total_cases":"6269","new_cases":"","total_deaths":"31 ","new_deaths":"","total_recoveries":"1898"},{"rank":"63","country":"Armenia","total_cases":"5606","new_cases":"+335","total_deaths":"70 ","new_deaths":"+3","total_recoveries":"2581"},{"rank":"64","country":"Bolivia","total_cases":"4919","new_cases":"+438","total_deaths":"199 ","new_deaths":"+10","total_recoveries":"553"},{"rank":"65","country":"Cameroon","total_cases":"4288","new_cases":"+555","total_deaths":"156 ","new_deaths":"+10","total_recoveries":"1808"},{"rank":"66","country":"Luxembourg","total_cases":"3980","new_cases":"+9","total_deaths":"109 ","new_deaths":"","total_recoveries":"3741"},{"rank":"67","country":"Iraq","total_cases":"3877","new_cases":"+153","total_deaths":"140 ","new_deaths":"+6","total_recoveries":"2483"},{"rank":"68","country":"Azerbaijan","total_cases":"3749","new_cases":"+118","total_deaths":"44 ","new_deaths":"+1","total_recoveries":"2340"},{"rank":"69","country":"Hungary","total_cases":"3641","new_cases":"+43","total_deaths":"473 ","new_deaths":"+3","total_recoveries":"1509"},{"rank":"70","country":"Sudan","total_cases":"3138","new_cases":"+410","total_deaths":"121 ","new_deaths":"+10","total_recoveries":"309"},{"rank":"71","country":"Honduras","total_cases":"3100","new_cases":"+145","total_deaths":"151 ","new_deaths":"+4","total_recoveries":"355"},{"rank":"72","country":"Guinea","total_cases":"3067","new_cases":"+204","total_deaths":"18 ","new_deaths":"","total_recoveries":"1575"},{"rank":"73","country":"Thailand","total_cases":"3037","new_cases":"+3","total_deaths":"56 ","new_deaths":"","total_recoveries":"2897"},{"rank":"74","country":"Uzbekistan","total_cases":"2964","new_cases":"+25","total_deaths":"13 ","new_deaths":"","total_recoveries":"2407"},{"rank":"75","country":"Greece","total_cases":"2853","new_cases":"+3","total_deaths":"168 ","new_deaths":"+2","total_recoveries":"1374"},{"rank":"76","country":"Senegal","total_cases":"2812","new_cases":"+98","total_deaths":"33 ","new_deaths":"+3","total_recoveries":"1251"},{"rank":"77","country":"Bosnia and Herzegovina","total_cases":"2350","new_cases":"+12","total_deaths":"140 ","new_deaths":"+4","total_recoveries":"1596"},{"rank":"78","country":"Tajikistan","total_cases":"2350","new_cases":"+210","total_deaths":"44 ","new_deaths":"+3","total_recoveries":"470"},{"rank":"79","country":"Bulgaria","total_cases":"2331","new_cases":"+39","total_deaths":"120 ","new_deaths":"+4","total_recoveries":"727"},{"rank":"80","country":"Ivory Coast","total_cases":"2301","new_cases":"+70","total_deaths":"29 ","new_deaths":"","total_recoveries":"1100"},{"rank":"81","country":"Guatemala","total_cases":"2265","new_cases":"+132","total_deaths":"45 ","new_deaths":"+2","total_recoveries":"159"},{"rank":"82","country":"Croatia","total_cases":"2237","new_cases":"+3","total_deaths":"97 ","new_deaths":"+1","total_recoveries":"1978"},{"rank":"83","country":"Djibouti","total_cases":"2047","new_cases":"+219","total_deaths":"10 ","new_deaths":"+1","total_recoveries":"1055"},{"rank":"84","country":"Cuba","total_cases":"1908","new_cases":"+8","total_deaths":"80 ","new_deaths":"+1","total_recoveries":"1603"},{"rank":"85","country":"North Macedonia","total_cases":"1898","new_cases":"+40","total_deaths":"111 ","new_deaths":"+1","total_recoveries":"1378"},{"rank":"86","country":"DRC","total_cases":"1835","new_cases":"+104","total_deaths":"61 ","new_deaths":"","total_recoveries":"303"},{"rank":"87","country":"Iceland","total_cases":"1803","new_cases":"","total_deaths":"10 ","new_deaths":"","total_recoveries":"1790"},{"rank":"88","country":"Estonia","total_cases":"1800","new_cases":"+6","total_deaths":"64 ","new_deaths":"","total_recoveries":"1488"},{"rank":"89","country":"El Salvador","total_cases":"1640","new_cases":"+69","total_deaths":"33 ","new_deaths":"+2","total_recoveries":"544"},{"rank":"90","country":"Somalia","total_cases":"1594","new_cases":"+21","total_deaths":"61 ","new_deaths":"","total_recoveries":"204"},{"rank":"91","country":"Lithuania","total_cases":"1593","new_cases":"+16","total_deaths":"61 ","new_deaths":"+1","total_recoveries":"1049"},{"rank":"92","country":"Gabon","total_cases":"1567","new_cases":"","total_deaths":"12 ","new_deaths":"","total_recoveries":"365"},{"rank":"93","country":"New Zealand","total_cases":"1503","new_cases":"","total_deaths":"21 ","new_deaths":"","total_recoveries":"1452"},{"rank":"94","country":"Slovakia","total_cases":"1502","new_cases":"+6","total_deaths":"28 ","new_deaths":"","total_recoveries":"1245"},{"rank":"95","country":"Mayotte","total_cases":"1475","new_cases":"","total_deaths":"19 ","new_deaths":"","total_recoveries":"894"},{"rank":"96","country":"Slovenia","total_cases":"1468","new_cases":"","total_deaths":"106 ","new_deaths":"+1","total_recoveries":"1340"},{"rank":"97","country":"Kyrgyzstan","total_cases":"1313","new_cases":"+43","total_deaths":"14 ","new_deaths":"","total_recoveries":"923"},{"rank":"98","country":"Maldives","total_cases":"1216","new_cases":"+30","total_deaths":"4 ","new_deaths":"","total_recoveries":"91"},{"rank":"99","country":"Kenya","total_cases":"1109","new_cases":"+80","total_deaths":"50 ","new_deaths":"","total_recoveries":"375"},{"rank":"100","country":"Guinea-Bissau","total_cases":"1109","new_cases":"+20","total_deaths":"6 ","new_deaths":"","total_recoveries":"42"},{"rank":"101","country":"Hong Kong","total_cases":"1064","new_cases":"+8","total_deaths":"4 ","new_deaths":"","total_recoveries":"1029"},{"rank":"102","country":"Sri Lanka","total_cases":"1048","new_cases":"+20","total_deaths":"9 ","new_deaths":"","total_recoveries":"604"},{"rank":"103","country":"Tunisia","total_cases":"1046","new_cases":"+1","total_deaths":"47 ","new_deaths":"","total_recoveries":"883"},{"rank":"104","country":"Latvia","total_cases":"1025","new_cases":"+9","total_deaths":"22 ","new_deaths":"+1","total_recoveries":"694"},{"rank":"105","country":"Lebanon","total_cases":"1024","new_cases":"+63","total_deaths":"26 ","new_deaths":"","total_recoveries":"663"},{"rank":"106","country":"Albania","total_cases":"969","new_cases":"+5","total_deaths":"31 ","new_deaths":"","total_recoveries":"771"},{"rank":"107","country":"Mali","total_cases":"947","new_cases":"+16","total_deaths":"60 ","new_deaths":"+5","total_recoveries":"558"},{"rank":"108","country":"Niger","total_cases":"924","new_cases":"+4","total_deaths":"60 ","new_deaths":"+2","total_recoveries":"753"},{"rank":"109","country":"Cyprus","total_cases":"923","new_cases":"+1","total_deaths":"17 ","new_deaths":"","total_recoveries":"561"},{"rank":"110","country":"Costa Rica","total_cases":"903","new_cases":"+6","total_deaths":"10 ","new_deaths":"","total_recoveries":"592"},{"rank":"111","country":"Equatorial Guinea","total_cases":"903","new_cases":"+13","total_deaths":"10 ","new_deaths":"+3","total_recoveries":"22"},{"rank":"112","country":"Venezuela","total_cases":"882","new_cases":"+58","total_deaths":"10 ","new_deaths":"","total_recoveries":"262"},{"rank":"113","country":"Zambia","total_cases":"866","new_cases":"+34","total_deaths":"7 ","new_deaths":"","total_recoveries":"302"},{"rank":"114","country":"Paraguay","total_cases":"836","new_cases":"+3","total_deaths":"11 ","new_deaths":"","total_recoveries":"256"},{"rank":"115","country":"Burkina Faso","total_cases":"812","new_cases":"+3","total_deaths":"52 ","new_deaths":"","total_recoveries":"669"},{"rank":"116","country":"Andorra","total_cases":"762","new_cases":"","total_deaths":"51 ","new_deaths":"","total_recoveries":"639"},{"rank":"117","country":"Uruguay","total_cases":"749","new_cases":"+3","total_deaths":"20 ","new_deaths":"","total_recoveries":"594"},{"rank":"118","country":"Georgia","total_cases":"721","new_cases":"+8","total_deaths":"12 ","new_deaths":"","total_recoveries":"485"},{"rank":"119","country":"Diamond Princess","total_cases":"712","new_cases":"","total_deaths":"13 ","new_deaths":"","total_recoveries":"651"},{"rank":"120","country":"Jordan","total_cases":"684","new_cases":"+12","total_deaths":"9 ","new_deaths":"","total_recoveries":"457"},{"rank":"121","country":"Haiti","total_cases":"663","new_cases":"+67","total_deaths":"22 ","new_deaths":"","total_recoveries":"21"},{"rank":"122","country":"San Marino","total_cases":"658","new_cases":"+2","total_deaths":"41 ","new_deaths":"","total_recoveries":"235"},{"rank":"123","country":"Malta","total_cases":"599","new_cases":"+15","total_deaths":"6 ","new_deaths":"","total_recoveries":"468"},{"rank":"124","country":"Chad","total_cases":"588","new_cases":"+23","total_deaths":"58 ","new_deaths":"+1","total_recoveries":"186"},{"rank":"125","country":"Sierra Leone","total_cases":"585","new_cases":"+15","total_deaths":"35 ","new_deaths":"+1","total_recoveries":"205"},{"rank":"126","country":"Channel Islands","total_cases":"558","new_cases":"","total_deaths":"45 ","new_deaths":"","total_recoveries":"508"},{"rank":"127","country":"Jamaica","total_cases":"529","new_cases":"+9","total_deaths":"9 ","new_deaths":"","total_recoveries":"171"},{"rank":"128","country":"Tanzania","total_cases":"509","new_cases":"","total_deaths":"21 ","new_deaths":"","total_recoveries":"183"},{"rank":"129","country":"South Sudan","total_cases":"481","new_cases":"+191","total_deaths":"4 ","new_deaths":"","total_recoveries":"4"},{"rank":"130","country":"Congo","total_cases":"469","new_cases":"+49","total_deaths":"16 ","new_deaths":"+1","total_recoveries":"137"},{"rank":"131","country":"Nepal","total_cases":"457","new_cases":"+30","total_deaths":"3 ","new_deaths":"+1","total_recoveries":"49"},{"rank":"132","country":"R&eacute;union","total_cases":"449","new_cases":"+2","total_deaths":"1 ","new_deaths":"","total_recoveries":"411"},{"rank":"133","country":"Taiwan","total_cases":"441","new_cases":"+1","total_deaths":"7 ","new_deaths":"","total_recoveries":"407"},{"rank":"134","country":"CAR","total_cases":"436","new_cases":"+18","total_deaths":" ","new_deaths":"","total_recoveries":"18"},{"rank":"135","country":"Palestine","total_cases":"423","new_cases":"+25","total_deaths":"2 ","new_deaths":"","total_recoveries":"346"},{"rank":"136","country":"Madagascar","total_cases":"405","new_cases":"+34","total_deaths":"2 ","new_deaths":"","total_recoveries":"131"},{"rank":"137","country":"Ethiopia","total_cases":"399","new_cases":"+10","total_deaths":"5 ","new_deaths":"","total_recoveries":"123"},{"rank":"138","country":"Cabo Verde","total_cases":"356","new_cases":"+7","total_deaths":"3 ","new_deaths":"","total_recoveries":"95"},{"rank":"139","country":"Togo","total_cases":"354","new_cases":"+14","total_deaths":"12 ","new_deaths":"","total_recoveries":"118"},{"rank":"140","country":"Isle of Man","total_cases":"336","new_cases":"","total_deaths":"24 ","new_deaths":"","total_recoveries":"303"},{"rank":"141","country":"Mauritius","total_cases":"332","new_cases":"","total_deaths":"10 ","new_deaths":"","total_recoveries":"322"},{"rank":"142","country":"Montenegro","total_cases":"324","new_cases":"","total_deaths":"9 ","new_deaths":"","total_recoveries":"314"},{"rank":"143","country":"Vietnam","total_cases":"324","new_cases":"","total_deaths":" ","new_deaths":"","total_recoveries":"264"},{"rank":"144","country":"Rwanda","total_cases":"320","new_cases":"+6","total_deaths":" ","new_deaths":"","total_recoveries":"217"},{"rank":"145","country":"Nicaragua","total_cases":"279","new_cases":"+25","total_deaths":"17 ","new_deaths":"","total_recoveries":"199"},{"rank":"146","country":"Sao Tome and Principe","total_cases":"251","new_cases":"","total_deaths":"8 ","new_deaths":"","total_recoveries":"4"},{"rank":"147","country":"French Guiana","total_cases":"249","new_cases":"+12","total_deaths":"1 ","new_deaths":"","total_recoveries":"137"},{"rank":"148","country":"Liberia","total_cases":"240","new_cases":"+2","total_deaths":"23 ","new_deaths":"","total_recoveries":"131"},{"rank":"149","country":"Eswatini","total_cases":"220","new_cases":"+3","total_deaths":"2 ","new_deaths":"","total_recoveries":"112"},{"rank":"150","country":"Myanmar","total_cases":"199","new_cases":"","total_deaths":"6 ","new_deaths":"","total_recoveries":"108"},{"rank":"151","country":"Yemen","total_cases":"197","new_cases":"+13","total_deaths":"33  ","new_deaths":"+3","total_recoveries":"5"},{"rank":"152","country":"Martinique","total_cases":"192","new_cases":"","total_deaths":"14 ","new_deaths":"","total_recoveries":"91"},{"rank":"153","country":"Faeroe Islands","total_cases":"187","new_cases":"","total_deaths":" ","new_deaths":"","total_recoveries":"187"},{"rank":"154","country":"Mauritania","total_cases":"173","new_cases":"+32","total_deaths":"5 ","new_deaths":"+1","total_recoveries":"7"},{"rank":"155","country":"Mozambique","total_cases":"162","new_cases":"+6","total_deaths":" ","new_deaths":"","total_recoveries":"48"},{"rank":"156","country":"Uganda","total_cases":"160","new_cases":"","total_deaths":" ","new_deaths":"","total_recoveries":"66"},{"rank":"157","country":"Guadeloupe","total_cases":"155","new_cases":"","total_deaths":"13 ","new_deaths":"","total_recoveries":"109"},{"rank":"158","country":"Gibraltar","total_cases":"151","new_cases":"+2","total_deaths":" ","new_deaths":"","total_recoveries":"146"},{"rank":"159","country":"Brunei ","total_cases":"141","new_cases":"","total_deaths":"1 ","new_deaths":"","total_recoveries":"136"},{"rank":"160","country":"Mongolia","total_cases":"140","new_cases":"","total_deaths":" ","new_deaths":"","total_recoveries":"26"},{"rank":"161","country":"Benin","total_cases":"135","new_cases":"+5","total_deaths":"3 ","new_deaths":"+1","total_recoveries":"61"},{"rank":"162","country":"Guyana","total_cases":"127","new_cases":"+2","total_deaths":"10 ","new_deaths":"","total_recoveries":"57"},{"rank":"163","country":"Bermuda","total_cases":"125","new_cases":"","total_deaths":"9 ","new_deaths":"","total_recoveries":"80"},{"rank":"164","country":"Cambodia","total_cases":"123","new_cases":"+1","total_deaths":" ","new_deaths":"","total_recoveries":"122"},{"rank":"165","country":"Cayman Islands","total_cases":"121","new_cases":"+10","total_deaths":"1 ","new_deaths":"","total_recoveries":"55"},{"rank":"166","country":"Trinidad and Tobago","total_cases":"116","new_cases":"","total_deaths":"8 ","new_deaths":"","total_recoveries":"107"},{"rank":"167","country":"Aruba","total_cases":"101","new_cases":"","total_deaths":"3 ","new_deaths":"","total_recoveries":"95"},{"rank":"168","country":"Bahamas","total_cases":"97","new_cases":"","total_deaths":"11 ","new_deaths":"","total_recoveries":"44"},{"rank":"169","country":"Monaco","total_cases":"97","new_cases":"","total_deaths":"4 ","new_deaths":"","total_recoveries":"90"},{"rank":"170","country":"Barbados","total_cases":"90","new_cases":"","total_deaths":"7 ","new_deaths":"","total_recoveries":"70"},{"rank":"171","country":"Liechtenstein","total_cases":"82","new_cases":"","total_deaths":"1  ","new_deaths":"","total_recoveries":"55"},{"rank":"172","country":"Sint Maarten","total_cases":"77","new_cases":"","total_deaths":"15 ","new_deaths":"","total_recoveries":"54"},{"rank":"173","country":"Malawi","total_cases":"72","new_cases":"+1","total_deaths":"3 ","new_deaths":"","total_recoveries":"27"},{"rank":"174","country":"Libya","total_cases":"71","new_cases":"+2","total_deaths":"3 ","new_deaths":"","total_recoveries":"35"},{"rank":"175","country":"French Polynesia","total_cases":"60","new_cases":"","total_deaths":" ","new_deaths":"","total_recoveries":"60"},{"rank":"176","country":"Angola","total_cases":"58","new_cases":"+6","total_deaths":"3 ","new_deaths":"","total_recoveries":"17"},{"rank":"177","country":"Syria","total_cases":"58","new_cases":"","total_deaths":"3 ","new_deaths":"","total_recoveries":"36"},{"rank":"178","country":"Zimbabwe","total_cases":"51","new_cases":"+3","total_deaths":"4 ","new_deaths":"","total_recoveries":"18"},{"rank":"179","country":"Macao","total_cases":"45","new_cases":"","total_deaths":" ","new_deaths":"","total_recoveries":"45"},{"rank":"180","country":"Burundi","total_cases":"42","new_cases":"","total_deaths":"1 ","new_deaths":"","total_recoveries":"20"},{"rank":"181","country":"Saint Martin","total_cases":"40","new_cases":"","total_deaths":"3 ","new_deaths":"","total_recoveries":"33"},{"rank":"182","country":"Eritrea","total_cases":"39","new_cases":"","total_deaths":" ","new_deaths":"","total_recoveries":"39"},{"rank":"183","country":"Comoros","total_cases":"34","new_cases":"","total_deaths":"1 ","new_deaths":"","total_recoveries":"8"},{"rank":"184","country":"Botswana","total_cases":"29","new_cases":"+4","total_deaths":"1 ","new_deaths":"","total_recoveries":"19"},{"rank":"185","country":"Antigua and Barbuda","total_cases":"25","new_cases":"","total_deaths":"3 ","new_deaths":"","total_recoveries":"19"},{"rank":"186","country":"Gambia","total_cases":"24","new_cases":"","total_deaths":"1 ","new_deaths":"","total_recoveries":"13"},{"rank":"187","country":"Timor-Leste","total_cases":"24","new_cases":"","total_deaths":" ","new_deaths":"","total_recoveries":"24"},{"rank":"188","country":"Grenada","total_cases":"22","new_cases":"","total_deaths":" ","new_deaths":"","total_recoveries":"17"},{"rank":"189","country":"Bhutan","total_cases":"21","new_cases":"","total_deaths":" ","new_deaths":"","total_recoveries":"6"},{"rank":"190","country":"Laos","total_cases":"19","new_cases":"","total_deaths":" ","new_deaths":"","total_recoveries":"14"},{"rank":"191","country":"Belize","total_cases":"18","new_cases":"","total_deaths":"2 ","new_deaths":"","total_recoveries":"16"},{"rank":"192","country":"Fiji","total_cases":"18","new_cases":"","total_deaths":" ","new_deaths":"","total_recoveries":"15"},{"rank":"193","country":"Namibia","total_cases":"18","new_cases":"+2","total_deaths":" ","new_deaths":"","total_recoveries":"14"},{"rank":"194","country":"New Caledonia","total_cases":"18","new_cases":"","total_deaths":" ","new_deaths":"","total_recoveries":"18"},{"rank":"195","country":"Saint Lucia","total_cases":"18","new_cases":"","total_deaths":" ","new_deaths":"","total_recoveries":"18"},{"rank":"196","country":"St. Vincent Grenadines","total_cases":"18","new_cases":"","total_deaths":" ","new_deaths":"","total_recoveries":"14"},{"rank":"197","country":"Cura&ccedil;ao","total_cases":"16","new_cases":"","total_deaths":"1 ","new_deaths":"","total_recoveries":"14"},{"rank":"198","country":"Dominica","total_cases":"16","new_cases":"","total_deaths":" ","new_deaths":"","total_recoveries":"16"},{"rank":"199","country":"Saint Kitts and Nevis","total_cases":"15","new_cases":"","total_deaths":" ","new_deaths":"","total_recoveries":"15"},{"rank":"200","country":"Falkland Islands","total_cases":"13","new_cases":"","total_deaths":" ","new_deaths":"","total_recoveries":"13"},{"rank":"201","country":"Turks and Caicos","total_cases":"12","new_cases":"","total_deaths":"1 ","new_deaths":"","total_recoveries":"10"},{"rank":"202","country":"Vatican City","total_cases":"12","new_cases":"","total_deaths":" ","new_deaths":"","total_recoveries":"2"},{"rank":"203","country":"Montserrat","total_cases":"11","new_cases":"","total_deaths":"1 ","new_deaths":"","total_recoveries":"10"},{"rank":"204","country":"Suriname","total_cases":"11","new_cases":"","total_deaths":"1 ","new_deaths":"","total_recoveries":"9"},{"rank":"205","country":"Greenland","total_cases":"11","new_cases":"","total_deaths":" ","new_deaths":"","total_recoveries":"11"},{"rank":"206","country":"Seychelles","total_cases":"11","new_cases":"","total_deaths":" ","new_deaths":"","total_recoveries":"11"},{"rank":"207","country":"MS Zaandam","total_cases":"9","new_cases":"","total_deaths":"2 ","new_deaths":"","total_recoveries":""},{"rank":"208","country":"British Virgin Islands","total_cases":"8","new_cases":"","total_deaths":"1 ","new_deaths":"","total_recoveries":"6"},{"rank":"209","country":"Papua New Guinea","total_cases":"8","new_cases":"","total_deaths":" ","new_deaths":"","total_recoveries":"8"},{"rank":"210","country":"Caribbean Netherlands","total_cases":"6","new_cases":"","total_deaths":" ","new_deaths":"","total_recoveries":"6"},{"rank":"211","country":"St. Barth","total_cases":"6","new_cases":"","total_deaths":" ","new_deaths":"","total_recoveries":"6"},{"rank":"212","country":"Western Sahara","total_cases":"6","new_cases":"","total_deaths":" ","new_deaths":"","total_recoveries":"6"},{"rank":"213","country":"Anguilla","total_cases":"3","new_cases":"","total_deaths":" ","new_deaths":"","total_recoveries":"3"},{"rank":"214","country":"Lesotho","total_cases":"1","new_cases":"","total_deaths":" ","new_deaths":"","total_recoveries":""},{"rank":"215","country":"Saint Pierre Miquelon","total_cases":"1","new_cases":"","total_deaths":" ","new_deaths":"","total_recoveries":"1"}]